entity_id,input_name,matched_label,type,countries,sanctioned,pep,risk_factors,degree,source_count,entity_url
5fFhX0dMY2GliW0F5kOs4A,Russian Direct Investment Fund,АКЦИОНЕРНОЕ ОБЩЕСТВО УПРАВЛЯЮЩАЯ КОМПАНИЯ РОССИЙСКОГО ФОНДА ПРЯМЫХ ИНВЕСТИЦИЙ,company,RUS,True,False,basel_aml; controlled_by_aus_sanctioned; controlled_by_ofac_sdn; controlled_by_uk_sanctioned; controlled_by_ukr_sanctioned; cpi_score; export_controls; export_controls_other; meu_list_contractors; owner_of_export_controls_entity; owner_of_regulatory_action_entity; owner_of_sanctioned_aus_dfat_entity; owner_of_sanctioned_can_gac_entity; owner_of_sanctioned_entity; owner_of_sanctioned_gbr_fcdo_entity; owner_of_sanctioned_nzl_mfat_rus_entity; owner_of_sanctioned_ukr_nsdc_entity; owner_of_sanctioned_usa_ofac_sdn_entity; owner_of_soe; pep_adjacent; psa_owner_of_export_controls_entity; psa_owner_of_regulatory_action_entity; psa_owner_of_sanctioned_aus_dfat_entity; psa_owner_of_sanctioned_can_gac_entity; psa_owner_of_sanctioned_entity; psa_owner_of_sanctioned_gbr_fcdo_entity; psa_owner_of_sanctioned_nzl_mfat_rus_entity; psa_owner_of_sanctioned_ukr_nsdc_entity; psa_owner_of_sanctioned_usa_ofac_sdn_entity; psa_owner_of_soe; regulatory_action; sanctioned; sanctioned_aus_dfat; sanctioned_can_gac; sanctioned_ukr_nsdc; sanctioned_usa_ofac_sdn; state_owned; state_owned_rus,162,14,/v1/entity/5fFhX0dMY2GliW0F5kOs4A
OWwtbp9y51OcLHJQakLaMw,Sberbank,"ПУБЛИЧНОЕ АКЦИОНЕРНОЕ ОБЩЕСТВО ""СБЕРБАНК РОССИИ""",company,USA; BEL; CYP; CHN; RUS; UKR; IND; IRL; KAZ; DEU,True,False,basel_aml; controlled_by_aus_sanctioned; controlled_by_eu_sanctioned; controlled_by_ofac_sdn; controlled_by_uk_sanctioned; controlled_by_ukr_sanctioned; cpi_score; export_controls; export_controls_other; formerly_sanctioned; law_enforcement_action; meu_list_contractors; owned_by_soe; owner_of_export_controls_entity; owner_of_regulatory_action_entity; owner_of_sanctioned_aus_dfat_entity; owner_of_sanctioned_can_gac_entity; owner_of_sanctioned_che_seco_entity; owner_of_sanctioned_entity; owner_of_sanctioned_eu_ec_regulation_833_2014_entity; owner_of_sanctioned_eu_sanctions_entity; owner_of_sanctioned_fra_dgt_mefids_entity; owner_of_sanctioned_gbr_fcdo_entity; owner_of_sanctioned_nzl_mfat_rus_entity; owner_of_sanctioned_ukr_nsdc_entity; owner_of_sanctioned_usa_ofac_non_sdn_entity; owner_of_sanctioned_usa_ofac_sdn_entity; owner_of_soe; owner_of_usa_bis_entity; pep_adjacent; psa_owned_by_soe; psa_owner_of_export_controls_entity; psa_owner_of_regulatory_action_entity; psa_owner_of_sanctioned_aus_dfat_entity; psa_owner_of_sanctioned_can_gac_entity; psa_owner_of_sanctioned_che_seco_entity; psa_owner_of_sanctioned_entity; psa_owner_of_sanctioned_eu_ec_regulation_833_2014_entity; psa_owner_of_sanctioned_eu_sanctions_entity; psa_owner_of_sanctioned_fra_dgt_mefids_entity; psa_owner_of_sanctioned_gbr_fcdo_entity; psa_owner_of_sanctioned_nzl_mfat_rus_entity; psa_owner_of_sanctioned_ukr_nsdc_entity; psa_owner_of_sanctioned_usa_ofac_non_sdn_entity; psa_owner_of_sanctioned_usa_ofac_sdn_entity; psa_owner_of_soe; psa_owner_of_usa_bis_entity; regulatory_action; reputational_risk_cybercrime; reputational_risk_financial_crime; reputational_risk_other; sanctioned; sanctioned_aus_dfat; sanctioned_can_gac; sanctioned_che_seco; sanctioned_eu_dg_fisma_ec; sanctioned_eu_ec_regulation_269_2014; sanctioned_eu_ec_sanctions_map; sanctioned_eu_sanctions; sanctioned_fra_dgt_mefids; sanctioned_gbr_fcdo; sanctioned_gbr_hmt_ofsi; sanctioned_jpn_mof; sanctioned_nzl_mfat_rus; sanctioned_other; sanctioned_usa_ofac_non_sdn; sanctioned_usa_ofac_sdn; state_owned,59632,46,/v1/entity/OWwtbp9y51OcLHJQakLaMw
dy-rh2g0QtzUN_jC_e9S_A,VTB Bank,БАНК ВТБ (ПУБЛИЧНОЕ АКЦИОНЕРНОЕ ОБЩЕСТВО),company,USA; ITA; CHN; RUS; QAT; UKR; IND,True,False,basel_aml; controlled_by_aus_sanctioned; controlled_by_eu_sanctioned; controlled_by_jpn_sanctioned; controlled_by_ofac_sdn; controlled_by_uk_sanctioned; controlled_by_ukr_sanctioned; cpi_score; export_controls; export_controls_other; forced_labor_xinjiang_origin_subtier_product_blueprint; formerly_sanctioned; imports_bis_high_priority_items; meu_list_contractors; owned_by_entity_in_export_controls; owned_by_regulatory_action_entity; owned_by_rus_soe; owned_by_sanctioned_aus_dfat_entity; owned_by_sanctioned_can_gac_entity; owned_by_sanctioned_che_seco_entity; owned_by_sanctioned_entity; owned_by_sanctioned_eu_dg_fisma_ec_entity; owned_by_sanctioned_eu_ec_regulation_833_2014_entity; owned_by_sanctioned_eu_ec_sanctions_map_entity; owned_by_sanctioned_eu_sanctions_entity; owned_by_sanctioned_fra_dgt_mefids_entity; owned_by_sanctioned_gbr_fcdo_entity; owned_by_sanctioned_jpn_mof_entity; owned_by_sanctioned_nzl_mfat_rus_entity; owned_by_sanctioned_ukr_nsdc_entity; owned_by_sanctioned_usa_ofac_non_sdn_entity; owned_by_sanctioned_usa_ofac_sdn_entity; owned_by_soe; owned_by_usa_bis_entity; owner_of_export_controls_entity; owner_of_regulatory_action_entity; owner_of_sanctioned_aus_dfat_entity; owner_of_sanctioned_can_gac_entity; owner_of_sanctioned_che_seco_entity; owner_of_sanctioned_entity; owner_of_sanctioned_eu_sanctions_entity; owner_of_sanctioned_gbr_fcdo_entity; owner_of_sanctioned_lva_fis_entity; owner_of_sanctioned_nzl_mfat_rus_entity; owner_of_sanctioned_ukr_nsdc_entity; owner_of_sanctioned_usa_ofac_non_sdn_entity; owner_of_sanctioned_usa_ofac_sdn_entity; owner_of_soe; pep_adjacent; psa_imports_bis_high_priority_items; psa_owned_by_entity_in_export_controls; psa_owned_by_regulatory_action_entity; psa_owned_by_rus_soe; psa_owned_by_sanctioned_aus_dfat_entity; psa_owned_by_sanctioned_can_gac_entity; psa_owned_by_sanctioned_che_seco_entity; psa_owned_by_sanctioned_entity; psa_owned_by_sanctioned_eu_dg_fisma_ec_entity; psa_owned_by_sanctioned_eu_ec_regulation_833_2014_entity; psa_owned_by_sanctioned_eu_ec_sanctions_map_entity; psa_owned_by_sanctioned_eu_sanctions_entity; psa_owned_by_sanctioned_fra_dgt_mefids_entity; psa_owned_by_sanctioned_gbr_fcdo_entity; psa_owned_by_sanctioned_jpn_mof_entity; psa_owned_by_sanctioned_nzl_mfat_rus_entity; psa_owned_by_sanctioned_ukr_nsdc_entity; psa_owned_by_sanctioned_usa_ofac_non_sdn_entity; psa_owned_by_sanctioned_usa_ofac_sdn_entity; psa_owned_by_soe; psa_owned_by_usa_bis_entity; psa_owner_of_export_controls_entity; psa_owner_of_regulatory_action_entity; psa_owner_of_sanctioned_aus_dfat_entity; psa_owner_of_sanctioned_can_gac_entity; psa_owner_of_sanctioned_che_seco_entity; psa_owner_of_sanctioned_entity; psa_owner_of_sanctioned_eu_dg_fisma_ec_entity; psa_owner_of_sanctioned_eu_ec_sanctions_map_entity; psa_owner_of_sanctioned_eu_sanctions_entity; psa_owner_of_sanctioned_fra_dgt_mefids_entity; psa_owner_of_sanctioned_gbr_fcdo_entity; psa_owner_of_sanctioned_jpn_mof_entity; psa_owner_of_sanctioned_lva_fis_entity; psa_owner_of_sanctioned_nzl_mfat_rus_entity; psa_owner_of_sanctioned_ukr_nsdc_entity; psa_owner_of_sanctioned_usa_ofac_non_sdn_entity; psa_owner_of_sanctioned_usa_ofac_sdn_entity; psa_owner_of_soe; regulatory_action; reputational_risk_other; sanctioned; sanctioned_aus_dfat; sanctioned_can_gac; sanctioned_che_seco; sanctioned_eu_dg_fisma_ec; sanctioned_eu_ec_regulation_269_2014; sanctioned_eu_ec_sanctions_map; sanctioned_eu_sanctions; sanctioned_fra_dgt_mefids; sanctioned_gbr_fcdo; sanctioned_gbr_hmt_ofsi; sanctioned_jpn_mof; sanctioned_nzl_mfat_rus; sanctioned_other; sanctioned_ukr_nsdc; sanctioned_usa_ofac_non_sdn; sanctioned_usa_ofac_sdn; state_owned; state_owned_rus,15509,39,/v1/entity/dy-rh2g0QtzUN_jC_e9S_A
D-jLpScdAGFGgR4dtYnu_A,Rostec,Rostec (Russian Technologies State Corporation),company,RUS; USA; CAN,True,False,basel_aml; controlled_by_aus_sanctioned; controlled_by_eu_sanctioned; controlled_by_jpn_sanctioned; controlled_by_ofac_sdn; controlled_by_uk_sanctioned; controlled_by_ukr_sanctioned; cpi_score; esg_score_very_high; export_controls; export_controls_other; formerly_sanctioned; law_enforcement_action; meu_list_contractors; owner_of_export_controls_entity; owner_of_jpn_mofa_export_ban_entity; owner_of_regulatory_action_entity; owner_of_rus_soe; owner_of_sanctioned_aus_dfat_entity; owner_of_sanctioned_can_gac_entity; owner_of_sanctioned_che_seco_entity; owner_of_sanctioned_entity; owner_of_sanctioned_eu_dg_fisma_ec_entity; owner_of_sanctioned_eu_ec_regulation_833_2014_entity; owner_of_sanctioned_eu_ec_sanctions_map_entity; owner_of_sanctioned_eu_sanctions_entity; owner_of_sanctioned_fra_dgt_mefids_entity; owner_of_sanctioned_gbr_fcdo_entity; owner_of_sanctioned_gbr_hmt_ofsi_entity; owner_of_sanctioned_jpn_mof_entity; owner_of_sanctioned_lva_fis_entity; owner_of_sanctioned_nzl_mfat_rus_entity; owner_of_sanctioned_ukr_nsdc_entity; owner_of_sanctioned_usa_ofac_non_sdn_entity; owner_of_sanctioned_usa_ofac_sdn_entity; owner_of_soe; owner_of_usa_bis_entity; pep_adjacent; psa_owner_of_export_controls_entity; psa_owner_of_jpn_meti_end_user_entity; psa_owner_of_jpn_mofa_export_ban_entity; psa_owner_of_regulatory_action_entity; psa_owner_of_rus_soe; psa_owner_of_sanctioned_aus_dfat_entity; psa_owner_of_sanctioned_can_gac_entity; psa_owner_of_sanctioned_che_seco_entity; psa_owner_of_sanctioned_entity; psa_owner_of_sanctioned_eu_dg_fisma_ec_entity; psa_owner_of_sanctioned_eu_ec_regulation_833_2014_entity; psa_owner_of_sanctioned_eu_ec_sanctions_map_entity; psa_owner_of_sanctioned_eu_sanctions_entity; psa_owner_of_sanctioned_fra_dgt_mefids_entity; psa_owner_of_sanctioned_gbr_fcdo_entity; psa_owner_of_sanctioned_gbr_hmt_ofsi_entity; psa_owner_of_sanctioned_jpn_mof_entity; psa_owner_of_sanctioned_lva_fis_entity; psa_owner_of_sanctioned_nzl_mfat_rus_entity; psa_owner_of_sanctioned_ukr_nsdc_entity; psa_owner_of_sanctioned_usa_ofac_non_sdn_entity; psa_owner_of_sanctioned_usa_ofac_sdn_entity; psa_owner_of_soe; psa_owner_of_usa_bis_entity; regulatory_action; reputational_risk_bribery_and_corruption; sanctioned; sanctioned_can_gac; sanctioned_che_seco; sanctioned_eu_ec_regulation_833_2014; sanctioned_eu_ec_sanctions_map; sanctioned_eu_sanctions; sanctioned_gbr_fcdo; sanctioned_jpn_mof; sanctioned_nzl_mfat_rus; sanctioned_other; sanctioned_ukr_nsdc; sanctioned_usa_ofac_non_sdn; sanctioned_usa_ofac_sdn; state_owned; state_owned_rus; usa_bis,1233,29,/v1/entity/D-jLpScdAGFGgR4dtYnu_A
uKGj1Dx23piV16B7oVDwoQ,Rosneft,"ПАО ""НК ""РОСНЕФТЬ""",company,ARE; CYP; BGR; KGZ; NLD; RUS; HKG; LUX; DEU; CAN,True,False,basel_aml; chinese_soe_adjacent; controlled_by_aus_sanctioned; controlled_by_eu_sanctioned; controlled_by_jpn_sanctioned; controlled_by_ofac_sdn; controlled_by_uk_sanctioned; controlled_by_ukr_sanctioned; cpi_score; export_controls; export_controls_other; law_enforcement_action; meu_list_contractors; owned_by_entity_in_export_controls; owned_by_regulatory_action_entity; owned_by_sanctioned_entity; owned_by_sanctioned_ukr_nsdc_entity; owned_by_sanctioned_usa_ofac_sdn_entity; owner_of_export_controls_entity; owner_of_regulatory_action_entity; owner_of_sanctioned_aus_dfat_entity; owner_of_sanctioned_can_gac_entity; owner_of_sanctioned_che_seco_entity; owner_of_sanctioned_entity; owner_of_sanctioned_eu_dg_fisma_ec_entity; owner_of_sanctioned_eu_ec_regulation_833_2014_entity; owner_of_sanctioned_eu_ec_sanctions_map_entity; owner_of_sanctioned_eu_sanctions_entity; owner_of_sanctioned_fra_dgt_mefids_entity; owner_of_sanctioned_gbr_fcdo_entity; owner_of_sanctioned_jpn_mof_entity; owner_of_sanctioned_lva_fis_entity; owner_of_sanctioned_nzl_mfat_rus_entity; owner_of_sanctioned_ukr_nsdc_entity; owner_of_sanctioned_usa_ofac_non_sdn_entity; owner_of_sanctioned_usa_ofac_sdn_entity; owner_of_soe; owner_of_usa_bis_entity; pep_adjacent; psa_owned_by_entity_in_export_controls; psa_owned_by_regulatory_action_entity; psa_owned_by_sanctioned_entity; psa_owned_by_sanctioned_ukr_nsdc_entity; psa_owned_by_sanctioned_usa_ofac_sdn_entity; psa_owner_of_export_controls_entity; psa_owner_of_regulatory_action_entity; psa_owner_of_sanctioned_aus_dfat_entity; psa_owner_of_sanctioned_can_gac_entity; psa_owner_of_sanctioned_che_seco_entity; psa_owner_of_sanctioned_entity; psa_owner_of_sanctioned_eu_dg_fisma_ec_entity; psa_owner_of_sanctioned_eu_ec_regulation_833_2014_entity; psa_owner_of_sanctioned_eu_ec_sanctions_map_entity; psa_owner_of_sanctioned_eu_sanctions_entity; psa_owner_of_sanctioned_fra_dgt_mefids_entity; psa_owner_of_sanctioned_gbr_fcdo_entity; psa_owner_of_sanctioned_jpn_mof_entity; psa_owner_of_sanctioned_lva_fis_entity; psa_owner_of_sanctioned_nzl_mfat_rus_entity; psa_owner_of_sanctioned_ukr_nsdc_entity; psa_owner_of_sanctioned_usa_ofac_non_sdn_entity; psa_owner_of_sanctioned_usa_ofac_sdn_entity; psa_owner_of_soe; psa_owner_of_usa_bis_entity; regulatory_action; sanctioned; sanctioned_aus_dfat; sanctioned_can_gac; sanctioned_che_seco; sanctioned_eu_ec_sanctions_map; sanctioned_eu_sanctions; sanctioned_gbr_fcdo; sanctioned_gbr_hmt_ofsi; sanctioned_nzl_mfat_rus; sanctioned_other; sanctioned_ukr_nsdc; sanctioned_usa_ofac_non_sdn; sanctioned_usa_ofac_sdn; state_owned; usa_bis,37960,48,/v1/entity/uKGj1Dx23piV16B7oVDwoQ
RZAPsBRdYXTToVqy4ZuNow,Gazprom,"ПУБЛИЧНОЕ АКЦИОНЕРНОЕ ОБЩЕСТВО ""ГАЗПРОМ""",company,UZB; USA; LVA; AZE; TKM; TUR; NLD; RUS; UKR; KAZ,True,False,basel_aml; controlled_by_aus_sanctioned; controlled_by_ofac_sdn; controlled_by_uk_sanctioned; controlled_by_ukr_sanctioned; cpi_score; eu_high_risk_third; export_controls; export_to_blr_soe; law_enforcement_action; meu_list_contractors; owned_by_entity_in_export_controls; owned_by_sanctioned_aus_dfat_entity; owned_by_sanctioned_can_gac_entity; owned_by_sanctioned_che_seco_entity; owned_by_sanctioned_entity; owned_by_sanctioned_eu_dg_fisma_ec_entity; owned_by_sanctioned_eu_ec_sanctions_map_entity; owned_by_sanctioned_eu_sanctions_entity; owned_by_sanctioned_fra_dgt_mefids_entity; owned_by_sanctioned_gbr_fcdo_entity; owned_by_sanctioned_jpn_mof_entity; owned_by_sanctioned_nzl_mfat_rus_entity; owned_by_sanctioned_ukr_nsdc_entity; owned_by_sanctioned_usa_ofac_sdn_entity; owner_of_blr_soe; owner_of_export_controls_entity; owner_of_regulatory_action_entity; owner_of_rus_soe; owner_of_sanctioned_aus_dfat_entity; owner_of_sanctioned_can_gac_entity; owner_of_sanctioned_che_seco_entity; owner_of_sanctioned_entity; owner_of_sanctioned_eu_dg_fisma_ec_entity; owner_of_sanctioned_eu_ec_regulation_833_2014_entity; owner_of_sanctioned_eu_ec_sanctions_map_entity; owner_of_sanctioned_eu_sanctions_entity; owner_of_sanctioned_fra_dgt_mefids_entity; owner_of_sanctioned_gbr_fcdo_entity; owner_of_sanctioned_gbr_hmt_ofsi_entity; owner_of_sanctioned_jpn_mof_entity; owner_of_sanctioned_lva_fis_entity; owner_of_sanctioned_nzl_mfat_rus_entity; owner_of_sanctioned_ukr_nsdc_entity; owner_of_sanctioned_usa_ofac_non_sdn_entity; owner_of_sanctioned_usa_ofac_sdn_entity; owner_of_soe; owner_of_usa_bis_entity; pep_adjacent; psa_export_to_blr_soe; psa_owned_by_entity_in_export_controls; psa_owned_by_sanctioned_aus_dfat_entity; psa_owned_by_sanctioned_can_gac_entity; psa_owned_by_sanctioned_che_seco_entity; psa_owned_by_sanctioned_entity; psa_owned_by_sanctioned_eu_dg_fisma_ec_entity; psa_owned_by_sanctioned_eu_ec_sanctions_map_entity; psa_owned_by_sanctioned_eu_sanctions_entity; psa_owned_by_sanctioned_fra_dgt_mefids_entity; psa_owned_by_sanctioned_gbr_fcdo_entity; psa_owned_by_sanctioned_jpn_mof_entity; psa_owned_by_sanctioned_nzl_mfat_rus_entity; psa_owned_by_sanctioned_ukr_nsdc_entity; psa_owned_by_sanctioned_usa_ofac_sdn_entity; psa_owner_of_blr_soe; psa_owner_of_export_controls_entity; psa_owner_of_regulatory_action_entity; psa_owner_of_rus_soe; psa_owner_of_sanctioned_aus_dfat_entity; psa_owner_of_sanctioned_can_gac_entity; psa_owner_of_sanctioned_che_seco_entity; psa_owner_of_sanctioned_entity; psa_owner_of_sanctioned_eu_dg_fisma_ec_entity; psa_owner_of_sanctioned_eu_ec_regulation_833_2014_entity; psa_owner_of_sanctioned_eu_ec_sanctions_map_entity; psa_owner_of_sanctioned_eu_sanctions_entity; psa_owner_of_sanctioned_fra_dgt_mefids_entity; psa_owner_of_sanctioned_gbr_fcdo_entity; psa_owner_of_sanctioned_gbr_hmt_ofsi_entity; psa_owner_of_sanctioned_jpn_mof_entity; psa_owner_of_sanctioned_lva_fis_entity; psa_owner_of_sanctioned_nzl_mfat_rus_entity; psa_owner_of_sanctioned_ukr_nsdc_entity; psa_owner_of_sanctioned_usa_ofac_non_sdn_entity; psa_owner_of_sanctioned_usa_ofac_sdn_entity; psa_owner_of_soe; psa_owner_of_usa_bis_entity; regulatory_action; reputational_risk_financial_crime; sanctioned; sanctioned_can_gac; sanctioned_other; sanctioned_usa_ofac_non_sdn; state_owned; usa_bis,14989,31,/v1/entity/RZAPsBRdYXTToVqy4ZuNow
xYCkQF4AB2p2YUI7EAL-YQ,National Iranian Oil Company,NATIONAL IRANIAN OIL COMPANY,company,IRN; GBR; SGP; ARE,True,False,basel_aml; controlled_by_aus_sanctioned; controlled_by_eu_sanctioned; controlled_by_jpn_sanctioned; controlled_by_ofac_sdgt_sanctioned; controlled_by_ofac_sdn; controlled_by_uk_sanctioned; controlled_by_un_sanctioned; cpi_score; eu_50_percent_rule; eu_high_risk_third; export_controls; export_controls_other; law_enforcement_action; ofac_50_percent_rule; ofac_sdgt_sanctioned; owned_by_entity_in_export_controls; owned_by_ofac_sdgt_sanctioned; owned_by_regulatory_action_entity; owned_by_sanctioned_che_seco_entity; owned_by_sanctioned_entity; owned_by_sanctioned_eu_dg_fisma_ec_entity; owned_by_sanctioned_eu_ec_sanctions_map_entity; owned_by_sanctioned_eu_sanctions_entity; owned_by_sanctioned_fra_dgt_mefids_entity; owned_by_sanctioned_gbr_fcdo_entity; owned_by_sanctioned_usa_ofac_sdn_entity; owner_of_export_controls_entity; owner_of_ofac_sdgt_sanctioned; owner_of_regulatory_action_entity; owner_of_sanctioned_aus_dfat_entity; owner_of_sanctioned_can_gac_entity; owner_of_sanctioned_che_seco_entity; owner_of_sanctioned_entity; owner_of_sanctioned_eu_dg_fisma_ec_entity; owner_of_sanctioned_eu_ec_regulation_833_2014_entity; owner_of_sanctioned_eu_ec_sanctions_map_entity; owner_of_sanctioned_eu_sanctions_entity; owner_of_sanctioned_fra_dgt_mefids_entity; owner_of_sanctioned_gbr_fcdo_entity; owner_of_sanctioned_jpn_mof_entity; owner_of_sanctioned_nzl_mfat_rus_entity; owner_of_sanctioned_ukr_nsdc_entity; owner_of_sanctioned_ukr_sfms_entity; owner_of_sanctioned_un_sc_entity; owner_of_sanctioned_usa_ofac_sdn_entity; owner_of_soe; pep_adjacent; psa_eu_50_percent_rule; psa_ofac_50_percent_rule; psa_owned_by_entity_in_export_controls; psa_owned_by_ofac_sdgt_sanctioned; psa_owned_by_regulatory_action_entity; psa_owned_by_sanctioned_che_seco_entity; psa_owned_by_sanctioned_entity; psa_owned_by_sanctioned_eu_dg_fisma_ec_entity; psa_owned_by_sanctioned_eu_ec_sanctions_map_entity; psa_owned_by_sanctioned_eu_sanctions_entity; psa_owned_by_sanctioned_fra_dgt_mefids_entity; psa_owned_by_sanctioned_gbr_fcdo_entity; psa_owned_by_sanctioned_usa_ofac_sdn_entity; psa_owner_of_export_controls_entity; psa_owner_of_ofac_sdgt_sanctioned; psa_owner_of_regulatory_action_entity; psa_owner_of_sanctioned_aus_dfat_entity; psa_owner_of_sanctioned_can_gac_entity; psa_owner_of_sanctioned_che_seco_entity; psa_owner_of_sanctioned_entity; psa_owner_of_sanctioned_eu_dg_fisma_ec_entity; psa_owner_of_sanctioned_eu_ec_regulation_833_2014_entity; psa_owner_of_sanctioned_eu_ec_sanctions_map_entity; psa_owner_of_sanctioned_eu_sanctions_entity; psa_owner_of_sanctioned_fra_dgt_mefids_entity; psa_owner_of_sanctioned_gbr_fcdo_entity; psa_owner_of_sanctioned_jpn_mof_entity; psa_owner_of_sanctioned_nzl_mfat_rus_entity; psa_owner_of_sanctioned_ukr_nsdc_entity; psa_owner_of_sanctioned_ukr_sfms_entity; psa_owner_of_sanctioned_un_sc_entity; psa_owner_of_sanctioned_usa_ofac_sdn_entity; psa_owner_of_soe; psa_uk_50_percent_rule; regulatory_action; reputational_risk_financial_crime; reputational_risk_other; sanctioned; sanctioned_che_seco; sanctioned_eu_dg_fisma_ec; sanctioned_eu_ec_sanctions_map; sanctioned_eu_sanctions; sanctioned_fra_dgt_mefids; sanctioned_gbr_fcdo; sanctioned_usa_ofac_sdn; state_owned; uk_50_percent_rule,183,20,/v1/entity/xYCkQF4AB2p2YUI7EAL-YQ
5n9BpqEMoMVQvMKBBKbk2g,Huawei Technologies Co. Ltd.,HUAWEI TECHNOLOGIES CO LTD,company,UZB; ARE; BEL; NLD; CHN; RUS; HKG; ECU; KAZ; CZE,False,False,basel_aml; cpi_score; export_controls; export_controls_other; law_enforcement_action; meu_list_contractors; sanctioned_adjacent; soe_adjacent; usa_bis,107632,66,/v1/entity/5n9BpqEMoMVQvMKBBKbk2g
SOvsvbXjFuEa1qzCitrfKg,ZTE Corporation,ZTE CORPORATION,company,USA; TUN; MEX; TWN; AUS; CHN; HKG; ECU; IND; CAN,True,False,basel_aml; chinese_soe_adjacent; cpi_score; esg_score_very_high; export_controls_adjacent; exports_bis_high_priority_items_critical_components_direct; exports_bis_high_priority_items_direct; forced_labor_aspi_origin_subtier_product_blueprint; forced_labor_xinjiang_origin_subtier_product_blueprint; law_enforcement_action; meu_list_contractors; ndaa_889_covered_entities; owned_by_chinese_soe; owned_by_cmic_entity; owned_by_entity_in_export_controls; owned_by_regulatory_action_entity; owned_by_sanctioned_entity; owned_by_sanctioned_usa_ofac_non_sdn_entity; owner_of_regulatory_action_entity; psa_export_to_soe; psa_exports_bis_high_priority_items_critical_components_direct; psa_exports_bis_high_priority_items_critical_components_indirect; psa_exports_bis_high_priority_items_direct; psa_owned_by_chinese_soe; psa_owned_by_cmic_entity; psa_owned_by_entity_in_export_controls; psa_owned_by_regulatory_action_entity; psa_owned_by_sanctioned_entity; psa_owned_by_sanctioned_usa_ofac_non_sdn_entity; psa_owner_of_regulatory_action_entity; regulatory_action; reputational_risk_bribery_and_corruption; reputational_risk_financial_crime; reputational_risk_other; sanctioned; sanctioned_other; soe_adjacent,93742,130,/v1/entity/SOvsvbXjFuEa1qzCitrfKg
CF2ca8pzwEMGmKrENIifNA,Hangzhou Hikvision Digital Technology Co. Ltd.,"Hangzhou Hikvision Digital Technology Co., Ltd.",company,USA; NLD; CHN; RUS; NZL,True,False,basel_aml; chinese_soe_adjacent; cmic_entity; cpi_score; esg_score_very_high; export_controls; law_enforcement_action; ndaa_889_covered_entities; owned_by_chinese_soe; owned_by_cmic_entity; owned_by_entity_in_export_controls; owned_by_regulatory_action_entity; owned_by_sanctioned_entity; owned_by_sanctioned_usa_ofac_non_sdn_entity; owned_by_soe; owned_by_usa_bis_entity; owned_by_usa_section_1260h_entity; owner_of_export_controls_entity; owner_of_forced_labor_xinjiang_entity; owner_of_soe; owner_of_usa_bis_entity; pep_adjacent; psa_owned_by_chinese_soe; psa_owned_by_cmic_entity; psa_owned_by_entity_in_export_controls; psa_owned_by_regulatory_action_entity; psa_owned_by_sanctioned_entity; psa_owned_by_sanctioned_usa_ofac_non_sdn_entity; psa_owned_by_soe; psa_owned_by_usa_bis_entity; psa_owned_by_usa_section_1260h_entity; psa_owner_of_export_controls_entity; psa_owner_of_forced_labor_xinjiang_entity; psa_owner_of_soe; psa_owner_of_usa_bis_entity; regulatory_action; sanctioned; sanctioned_other; sanctioned_usa_ofac_non_sdn; state_owned; usa_bis; usa_section_1260h,353,25,/v1/entity/CF2ca8pzwEMGmKrENIifNA
tA9blnIZJ8CO-RnLHLYwqw,Venezuelan State-Owned Oil Company (PDVSA),PETROLEOS DE VENEZUELA S A,company,VEN; NLD,True,False,basel_aml; controlled_by_eu_sanctioned; controlled_by_ofac_sdn; controlled_by_ofac_sdntk_sanctioned; controlled_by_uk_sanctioned; cpi_score; esg_score_very_high; export_controls; law_enforcement_action; meu_list_contractors; owned_by_regulatory_action_entity; owned_by_soe; owner_of_export_controls_entity; owner_of_sanctioned_entity; owner_of_sanctioned_usa_ofac_sdn_entity; owner_of_soe; pep_adjacent; psa_owned_by_regulatory_action_entity; psa_owned_by_soe; psa_owner_of_export_controls_entity; psa_owner_of_sanctioned_entity; psa_owner_of_sanctioned_usa_ofac_sdn_entity; psa_owner_of_soe; psa_ven_soe_50_percent; regulatory_action; reputational_risk_bribery_and_corruption; reputational_risk_other; sanctioned; sanctioned_usa_ofac_sdn; state_owned; ven_soe_50_percent,13147,17,/v1/entity/tA9blnIZJ8CO-RnLHLYwqw
v6qt9ZlyXkJb5AHmURHh0g,Syrian Arab Airlines,Syrian Arab Airlines,company,SYR,False,False,basel_aml; cpi_score; eu_high_risk_third; export_controls_adjacent; export_controls_other; formerly_sanctioned; formerly_sanctioned_can_gac; formerly_sanctioned_che_seco; formerly_sanctioned_eu_dg_fisma_ec; formerly_sanctioned_eu_ec_sanctions_map; formerly_sanctioned_eu_sanctions; formerly_sanctioned_fra_dgt_mefids; formerly_sanctioned_gbr_fcdo; formerly_sanctioned_usa_ofac_sdn; law_enforcement_action; pep_adjacent; reputational_risk_other; sanctioned_adjacent; state_owned,91,13,/v1/entity/v6qt9ZlyXkJb5AHmURHh0g
743PV9hvik01AFVlWI-oTg,Korea Mining Development Trading Corporation,Korea Mining Development Trading Corporation,company,SYR; IRN; CHN; RUS; PRK,True,False,basel_aml; controlled_by_aus_sanctioned; controlled_by_eu_sanctioned; controlled_by_jpn_sanctioned; controlled_by_ofac_sdn; controlled_by_uk_sanctioned; controlled_by_un_sanctioned; cpi_score; eu_high_risk_third; export_controls; export_controls_other; jpn_meti_end_user; law_enforcement_action; owner_of_export_controls_entity; owner_of_jpn_meti_end_user_entity; owner_of_sanctioned_aus_dfat_entity; owner_of_sanctioned_che_seco_entity; owner_of_sanctioned_entity; owner_of_sanctioned_eu_dg_fisma_ec_entity; owner_of_sanctioned_eu_ec_sanctions_map_entity; owner_of_sanctioned_eu_sanctions_entity; owner_of_sanctioned_fra_dgt_mefids_entity; owner_of_sanctioned_gbr_fcdo_entity; owner_of_sanctioned_jpn_mof_entity; owner_of_sanctioned_ukr_sfms_entity; owner_of_sanctioned_un_sc_entity; owner_of_sanctioned_usa_ofac_sdn_entity; pep_adjacent; psa_owner_of_export_controls_entity; psa_owner_of_jpn_meti_end_user_entity; psa_owner_of_regulatory_action_entity; psa_owner_of_sanctioned_aus_dfat_entity; psa_owner_of_sanctioned_che_seco_entity; psa_owner_of_sanctioned_entity; psa_owner_of_sanctioned_eu_dg_fisma_ec_entity; psa_owner_of_sanctioned_eu_ec_sanctions_map_entity; psa_owner_of_sanctioned_eu_sanctions_entity; psa_owner_of_sanctioned_fra_dgt_mefids_entity; psa_owner_of_sanctioned_gbr_fcdo_entity; psa_owner_of_sanctioned_jpn_mof_entity; psa_owner_of_sanctioned_ukr_sfms_entity; psa_owner_of_sanctioned_un_sc_entity; psa_owner_of_sanctioned_usa_ofac_sdn_entity; psa_regulatory_action; reputational_risk_forced_labor; reputational_risk_other; sanctioned; sanctioned_aus_dfat; sanctioned_che_seco; sanctioned_eu_dg_fisma_ec; sanctioned_eu_ec_sanctions_map; sanctioned_eu_sanctions; sanctioned_fra_dgt_mefids; sanctioned_gbr_fcdo; sanctioned_jpn_mof; sanctioned_other; sanctioned_ukr_sfms; sanctioned_un_sc; sanctioned_usa_ofac_sdn; state_owned; usa_isn,52,19,/v1/entity/743PV9hvik01AFVlWI-oTg
yPMqDvYBVDqz8q9iJmlqpA,Cubametales,EMPRESA CUBANA IMPORTADORA Y EXPORTADORA DE COMBUSTIBLES Y LUBRICANTES,company,CUB,False,False,psa_export_controls; psa_owner_of_export_controls_entity; psa_owner_of_regulatory_action_entity; psa_owner_of_sanctioned_entity; psa_owner_of_sanctioned_usa_ofac_sdn_entity; psa_sanctioned; psa_sanctioned_usa_ofac_sdn; psa_state_owned,1,1,/v1/entity/yPMqDvYBVDqz8q9iJmlqpA
PNCfdPZenKKPQYzg0983yg,Myanmar Economic Corporation,Myanmar  Economic  Holdings  Public  Company  Ltd,company,MMR,True,False,basel_aml; controlled_by_aus_sanctioned; controlled_by_eu_sanctioned; controlled_by_ofac_sdn; controlled_by_uk_sanctioned; cpi_score; eu_high_risk_third; export_controls; law_enforcement_action; owner_of_export_controls_entity; owner_of_regulatory_action_entity; owner_of_sanctioned_can_gac_entity; owner_of_sanctioned_entity; owner_of_sanctioned_usa_ofac_sdn_entity; owner_of_soe; pep_adjacent; psa_owner_of_export_controls_entity; psa_owner_of_regulatory_action_entity; psa_owner_of_sanctioned_can_gac_entity; psa_owner_of_sanctioned_entity; psa_owner_of_sanctioned_usa_ofac_sdn_entity; psa_owner_of_soe; regulatory_action; sanctioned; sanctioned_aus_dfat; sanctioned_can_gac; sanctioned_che_seco; sanctioned_eu_dg_fisma_ec; sanctioned_eu_ec_sanctions_map; sanctioned_eu_sanctions; sanctioned_fra_dgt_mefids; sanctioned_gbr_fcdo; sanctioned_usa_ofac_sdn; state_owned; usa_bis,147,17,/v1/entity/PNCfdPZenKKPQYzg0983yg
PNCfdPZenKKPQYzg0983yg,Myanmar Economic Holdings Limited,Myanmar  Economic  Holdings  Public  Company  Ltd,company,MMR,True,False,basel_aml; controlled_by_aus_sanctioned; controlled_by_eu_sanctioned; controlled_by_ofac_sdn; controlled_by_uk_sanctioned; cpi_score; eu_high_risk_third; export_controls; law_enforcement_action; owner_of_export_controls_entity; owner_of_regulatory_action_entity; owner_of_sanctioned_can_gac_entity; owner_of_sanctioned_entity; owner_of_sanctioned_usa_ofac_sdn_entity; owner_of_soe; pep_adjacent; psa_owner_of_export_controls_entity; psa_owner_of_regulatory_action_entity; psa_owner_of_sanctioned_can_gac_entity; psa_owner_of_sanctioned_entity; psa_owner_of_sanctioned_usa_ofac_sdn_entity; psa_owner_of_soe; regulatory_action; sanctioned; sanctioned_aus_dfat; sanctioned_can_gac; sanctioned_che_seco; sanctioned_eu_dg_fisma_ec; sanctioned_eu_ec_sanctions_map; sanctioned_eu_sanctions; sanctioned_fra_dgt_mefids; sanctioned_gbr_fcdo; sanctioned_usa_ofac_sdn; state_owned; usa_bis,147,17,/v1/entity/PNCfdPZenKKPQYzg0983yg
hBbGwsQXUAZVHl-EeRmfsQ,Belaruskali OAO,Sociedade por ações aberta “Belaruskali”,company,LTU; BLR; BEL; NLD; FRA; RUS; ESP; DEU,True,False,basel_aml; cpi_score; export_controls_adjacent; formerly_sanctioned; formerly_sanctioned_usa_ofac_sdn; pep_adjacent; psa_regulatory_action; sanctioned; sanctioned_can_gac; sanctioned_che_seco; sanctioned_eu_dg_fisma_ec; sanctioned_eu_ec_sanctions_map; sanctioned_eu_sanctions; sanctioned_fra_dgt_mefids; sanctioned_gbr_fcdo; sanctioned_other; sanctioned_ukr_nsdc; state_owned; state_owned_blr,513,23,/v1/entity/hBbGwsQXUAZVHl-EeRmfsQ
0-dUKOZj1YJ8Hl48PMHjgA,State Development Bank VEB.RF,"Государственная корпорация ""Банк развития и внешнеэкономической деятельности (Внешэкономбанк)""",company,USA; ARE; CYP; ITA; CHN; RUS; GBR; UKR; IND; DEU,True,False,basel_aml; controlled_by_aus_sanctioned; controlled_by_eu_sanctioned; controlled_by_jpn_sanctioned; controlled_by_ofac_sdn; controlled_by_uk_sanctioned; controlled_by_ukr_sanctioned; cpi_score; export_controls; export_controls_other; formerly_sanctioned; meu_list_contractors; owner_of_export_controls_entity; owner_of_regulatory_action_entity; owner_of_sanctioned_aus_dfat_entity; owner_of_sanctioned_can_gac_entity; owner_of_sanctioned_che_seco_entity; owner_of_sanctioned_entity; owner_of_sanctioned_eu_ec_regulation_833_2014_entity; owner_of_sanctioned_eu_ec_sanctions_map_entity; owner_of_sanctioned_eu_sanctions_entity; owner_of_sanctioned_gbr_fcdo_entity; owner_of_sanctioned_ukr_nsdc_entity; owner_of_sanctioned_usa_ofac_non_sdn_entity; owner_of_sanctioned_usa_ofac_sdn_entity; owner_of_soe; owner_of_usa_bis_entity; pep_adjacent; psa_owner_of_export_controls_entity; psa_owner_of_jpn_meti_end_user_entity; psa_owner_of_regulatory_action_entity; psa_owner_of_sanctioned_aus_dfat_entity; psa_owner_of_sanctioned_can_gac_entity; psa_owner_of_sanctioned_che_seco_entity; psa_owner_of_sanctioned_entity; psa_owner_of_sanctioned_eu_ec_regulation_833_2014_entity; psa_owner_of_sanctioned_eu_ec_sanctions_map_entity; psa_owner_of_sanctioned_eu_sanctions_entity; psa_owner_of_sanctioned_gbr_fcdo_entity; psa_owner_of_sanctioned_ukr_nsdc_entity; psa_owner_of_sanctioned_usa_ofac_non_sdn_entity; psa_owner_of_sanctioned_usa_ofac_sdn_entity; psa_owner_of_soe; psa_owner_of_usa_bis_entity; regulatory_action; reputational_risk_other; sanctioned; sanctioned_aus_dfat; sanctioned_can_gac; sanctioned_che_seco; sanctioned_eu_dg_fisma_ec; sanctioned_eu_ec_regulation_269_2014; sanctioned_eu_ec_sanctions_map; sanctioned_eu_sanctions; sanctioned_fra_dgt_mefids; sanctioned_gbr_fcdo; sanctioned_gbr_hmt_ofsi; sanctioned_nzl_mfat_rus; sanctioned_other; sanctioned_ukr_nsdc; sanctioned_usa_ofac_non_sdn; sanctioned_usa_ofac_sdn; state_owned; state_owned_rus,1830,34,/v1/entity/0-dUKOZj1YJ8Hl48PMHjgA
xH8jHy73cLhkzYVQpFDvUQ,Promsvyazbank,PROMSVYAZBANK,company,CYP; KGZ; CHN; RUS; UKR; IND; IRL,True,False,basel_aml; controlled_by_aus_sanctioned; controlled_by_eu_sanctioned; controlled_by_jpn_sanctioned; controlled_by_ofac_sdn; controlled_by_uk_sanctioned; controlled_by_ukr_sanctioned; cpi_score; export_controls; export_controls_other; formerly_sanctioned; formerly_sanctioned_eu_sanctions; meu_list_contractors; owned_by_entity_in_export_controls; owned_by_regulatory_action_entity; owned_by_sanctioned_aus_dfat_entity; owned_by_sanctioned_can_gac_entity; owned_by_sanctioned_che_seco_entity; owned_by_sanctioned_entity; owned_by_sanctioned_eu_dg_fisma_ec_entity; owned_by_sanctioned_eu_ec_regulation_833_2014_entity; owned_by_sanctioned_eu_ec_sanctions_map_entity; owned_by_sanctioned_eu_sanctions_entity; owned_by_sanctioned_fra_dgt_mefids_entity; owned_by_sanctioned_gbr_fcdo_entity; owned_by_sanctioned_jpn_mof_entity; owned_by_sanctioned_nzl_mfat_rus_entity; owned_by_sanctioned_ukr_nsdc_entity; owned_by_sanctioned_usa_ofac_sdn_entity; owned_by_usa_bis_entity; owner_of_export_controls_entity; owner_of_regulatory_action_entity; owner_of_sanctioned_can_gac_entity; owner_of_sanctioned_che_seco_entity; owner_of_sanctioned_entity; owner_of_sanctioned_eu_dg_fisma_ec_entity; owner_of_sanctioned_eu_ec_regulation_833_2014_entity; owner_of_sanctioned_eu_ec_sanctions_map_entity; owner_of_sanctioned_eu_sanctions_entity; owner_of_sanctioned_fra_dgt_mefids_entity; owner_of_sanctioned_gbr_fcdo_entity; owner_of_sanctioned_ukr_nsdc_entity; owner_of_sanctioned_usa_ofac_sdn_entity; owner_of_soe; pep_adjacent; psa_owned_by_entity_in_export_controls; psa_owned_by_regulatory_action_entity; psa_owned_by_sanctioned_aus_dfat_entity; psa_owned_by_sanctioned_can_gac_entity; psa_owned_by_sanctioned_che_seco_entity; psa_owned_by_sanctioned_entity; psa_owned_by_sanctioned_eu_dg_fisma_ec_entity; psa_owned_by_sanctioned_eu_ec_regulation_833_2014_entity; psa_owned_by_sanctioned_eu_ec_sanctions_map_entity; psa_owned_by_sanctioned_eu_sanctions_entity; psa_owned_by_sanctioned_fra_dgt_mefids_entity; psa_owned_by_sanctioned_gbr_fcdo_entity; psa_owned_by_sanctioned_jpn_mof_entity; psa_owned_by_sanctioned_nzl_mfat_rus_entity; psa_owned_by_sanctioned_ukr_nsdc_entity; psa_owned_by_sanctioned_usa_ofac_sdn_entity; psa_owned_by_usa_bis_entity; psa_owner_of_export_controls_entity; psa_owner_of_regulatory_action_entity; psa_owner_of_sanctioned_can_gac_entity; psa_owner_of_sanctioned_che_seco_entity; psa_owner_of_sanctioned_entity; psa_owner_of_sanctioned_eu_dg_fisma_ec_entity; psa_owner_of_sanctioned_eu_ec_regulation_833_2014_entity; psa_owner_of_sanctioned_eu_ec_sanctions_map_entity; psa_owner_of_sanctioned_eu_sanctions_entity; psa_owner_of_sanctioned_fra_dgt_mefids_entity; psa_owner_of_sanctioned_gbr_fcdo_entity; psa_owner_of_sanctioned_ukr_nsdc_entity; psa_owner_of_sanctioned_usa_ofac_sdn_entity; psa_owner_of_soe; regulatory_action; reputational_risk_financial_crime; reputational_risk_other; sanctioned; sanctioned_aus_dfat; sanctioned_can_gac; sanctioned_che_seco; sanctioned_eu_dg_fisma_ec; sanctioned_eu_ec_regulation_269_2014; sanctioned_eu_ec_sanctions_map; sanctioned_eu_sanctions; sanctioned_fra_dgt_mefids; sanctioned_gbr_fcdo; sanctioned_jpn_mof; sanctioned_ukr_nsdc; sanctioned_usa_ofac_sdn; state_owned,523,28,/v1/entity/xH8jHy73cLhkzYVQpFDvUQ
w_HwwyFYfw8OVwST7AoSUw,Alfa-Bank,Alfa-Bank JSC,company,BLR; CYP; RUS; UKR; KAZ,True,False,basel_aml; controlled_by_aus_sanctioned; controlled_by_eu_sanctioned; controlled_by_jpn_sanctioned; controlled_by_ofac_sdn; controlled_by_uk_sanctioned; controlled_by_ukr_sanctioned; cpi_score; export_controls; export_controls_other; formerly_sanctioned; meu_list_contractors; owned_by_sanctioned_entity; owned_by_sanctioned_ukr_nsdc_entity; owner_of_export_controls_entity; owner_of_regulatory_action_entity; owner_of_sanctioned_aus_dfat_entity; owner_of_sanctioned_can_gac_entity; owner_of_sanctioned_entity; owner_of_sanctioned_eu_ec_regulation_833_2014_entity; owner_of_sanctioned_eu_ec_sanctions_map_entity; owner_of_sanctioned_eu_sanctions_entity; owner_of_sanctioned_gbr_fcdo_entity; owner_of_sanctioned_lva_fis_entity; owner_of_sanctioned_ukr_nsdc_entity; owner_of_sanctioned_usa_ofac_sdn_entity; pep_adjacent; psa_owned_by_sanctioned_entity; psa_owned_by_sanctioned_ukr_nsdc_entity; psa_owner_of_export_controls_entity; psa_owner_of_regulatory_action_entity; psa_owner_of_sanctioned_aus_dfat_entity; psa_owner_of_sanctioned_can_gac_entity; psa_owner_of_sanctioned_entity; psa_owner_of_sanctioned_eu_ec_regulation_833_2014_entity; psa_owner_of_sanctioned_eu_ec_sanctions_map_entity; psa_owner_of_sanctioned_eu_sanctions_entity; psa_owner_of_sanctioned_gbr_fcdo_entity; psa_owner_of_sanctioned_lva_fis_entity; psa_owner_of_sanctioned_ukr_nsdc_entity; psa_owner_of_sanctioned_usa_ofac_sdn_entity; regulatory_action; reputational_risk_other; sanctioned; sanctioned_can_gac; sanctioned_che_seco; sanctioned_eu_dg_fisma_ec; sanctioned_eu_ec_regulation_269_2014; sanctioned_eu_ec_sanctions_map; sanctioned_eu_sanctions; sanctioned_fra_dgt_mefids; sanctioned_gbr_fcdo; sanctioned_jpn_mof; sanctioned_nzl_mfat_rus; sanctioned_ukr_nsdc; sanctioned_usa_ofac_sdn; soe_adjacent,1457,30,/v1/entity/w_HwwyFYfw8OVwST7AoSUw
BSsUPVlxsICOW4GCjb4fqQ,Belorusskaya Kaliynaya Companya,Avoin osakeyhtiö ”Belarusian Potash Company”,company,LTU; USA; BLR; TUR; AUS; CHN; RUS; IND; DEU,True,False,basel_aml; controlled_by_eu_sanctioned; cpi_score; export_controls_adjacent; formerly_sanctioned; formerly_sanctioned_usa_ofac_sdn; owned_by_entity_in_export_controls; owned_by_sanctioned_aus_dfat_entity; owned_by_sanctioned_can_gac_entity; owned_by_sanctioned_che_seco_entity; owned_by_sanctioned_entity; owned_by_sanctioned_eu_dg_fisma_ec_entity; owned_by_sanctioned_eu_ec_sanctions_map_entity; owned_by_sanctioned_eu_sanctions_entity; owned_by_sanctioned_fra_dgt_mefids_entity; owned_by_sanctioned_gbr_fcdo_entity; owned_by_sanctioned_jpn_mof_entity; owned_by_sanctioned_nzl_mfat_rus_entity; owned_by_sanctioned_ukr_nsdc_entity; owned_by_sanctioned_usa_ofac_sdn_entity; owner_of_regulatory_action_entity; pep_adjacent; psa_owned_by_entity_in_export_controls; psa_owned_by_sanctioned_aus_dfat_entity; psa_owned_by_sanctioned_can_gac_entity; psa_owned_by_sanctioned_che_seco_entity; psa_owned_by_sanctioned_entity; psa_owned_by_sanctioned_eu_dg_fisma_ec_entity; psa_owned_by_sanctioned_eu_ec_sanctions_map_entity; psa_owned_by_sanctioned_eu_sanctions_entity; psa_owned_by_sanctioned_fra_dgt_mefids_entity; psa_owned_by_sanctioned_gbr_fcdo_entity; psa_owned_by_sanctioned_jpn_mof_entity; psa_owned_by_sanctioned_nzl_mfat_rus_entity; psa_owned_by_sanctioned_ukr_nsdc_entity; psa_owned_by_sanctioned_usa_ofac_sdn_entity; psa_owner_of_regulatory_action_entity; regulatory_action; reputational_risk_other; sanctioned; sanctioned_can_gac; sanctioned_che_seco; sanctioned_eu_dg_fisma_ec; sanctioned_eu_ec_sanctions_map; sanctioned_eu_sanctions; sanctioned_fra_dgt_mefids; sanctioned_other; soe_adjacent,456,25,/v1/entity/BSsUPVlxsICOW4GCjb4fqQ
kdOb4CZZrQ-yJpITOfuP0A,Belneftegaz,Additional Liability Company Belneftegaz,company,BLR; RUS,True,False,basel_aml; cpi_score; export_controls; owned_by_entity_in_export_controls; owned_by_sanctioned_can_gac_entity; owned_by_sanctioned_che_seco_entity; owned_by_sanctioned_entity; owned_by_sanctioned_eu_dg_fisma_ec_entity; owned_by_sanctioned_eu_ec_sanctions_map_entity; owned_by_sanctioned_eu_sanctions_entity; owned_by_sanctioned_fra_dgt_mefids_entity; owned_by_sanctioned_usa_ofac_sdn_entity; psa_owned_by_entity_in_export_controls; psa_owned_by_sanctioned_can_gac_entity; psa_owned_by_sanctioned_che_seco_entity; psa_owned_by_sanctioned_entity; psa_owned_by_sanctioned_eu_dg_fisma_ec_entity; psa_owned_by_sanctioned_eu_ec_sanctions_map_entity; psa_owned_by_sanctioned_eu_sanctions_entity; psa_owned_by_sanctioned_fra_dgt_mefids_entity; psa_owned_by_sanctioned_usa_ofac_sdn_entity; regulatory_action; sanctioned; sanctioned_usa_ofac_sdn,4,10,/v1/entity/kdOb4CZZrQ-yJpITOfuP0A
IqT-ciRIQc9XuMllE0Acpw,Bank Rossiya,Bank Rossiya,company,RUS; USA; CYP,True,False,basel_aml; controlled_by_aus_sanctioned; controlled_by_ofac_sdn; controlled_by_uk_sanctioned; controlled_by_ukr_sanctioned; cpi_score; eu_50_percent_rule; export_controls; formerly_sanctioned; meu_list_contractors; ofac_50_percent_rule; owned_by_entity_in_export_controls; owned_by_regulatory_action_entity; owned_by_sanctioned_aus_dfat_entity; owned_by_sanctioned_can_gac_entity; owned_by_sanctioned_che_seco_entity; owned_by_sanctioned_entity; owned_by_sanctioned_eu_dg_fisma_ec_entity; owned_by_sanctioned_eu_ec_sanctions_map_entity; owned_by_sanctioned_eu_sanctions_entity; owned_by_sanctioned_fra_dgt_mefids_entity; owned_by_sanctioned_gbr_fcdo_entity; owned_by_sanctioned_jpn_mof_entity; owned_by_sanctioned_nzl_mfat_rus_entity; owned_by_sanctioned_ukr_nsdc_entity; owned_by_sanctioned_usa_ofac_sdn_entity; owned_by_soe; owned_by_usa_bis_entity; owner_of_export_controls_entity; owner_of_regulatory_action_entity; owner_of_sanctioned_can_gac_entity; owner_of_sanctioned_entity; owner_of_sanctioned_ukr_nsdc_entity; owner_of_sanctioned_usa_ofac_sdn_entity; owner_of_usa_bis_entity; pep_adjacent; psa_eu_50_percent_rule; psa_ofac_50_percent_rule; psa_owned_by_entity_in_export_controls; psa_owned_by_regulatory_action_entity; psa_owned_by_sanctioned_aus_dfat_entity; psa_owned_by_sanctioned_can_gac_entity; psa_owned_by_sanctioned_che_seco_entity; psa_owned_by_sanctioned_entity; psa_owned_by_sanctioned_eu_dg_fisma_ec_entity; psa_owned_by_sanctioned_eu_ec_sanctions_map_entity; psa_owned_by_sanctioned_eu_sanctions_entity; psa_owned_by_sanctioned_fra_dgt_mefids_entity; psa_owned_by_sanctioned_gbr_fcdo_entity; psa_owned_by_sanctioned_jpn_mof_entity; psa_owned_by_sanctioned_nzl_mfat_rus_entity; psa_owned_by_sanctioned_ukr_nsdc_entity; psa_owned_by_sanctioned_usa_ofac_sdn_entity; psa_owned_by_soe; psa_owned_by_usa_bis_entity; psa_owner_of_export_controls_entity; psa_owner_of_regulatory_action_entity; psa_owner_of_sanctioned_can_gac_entity; psa_owner_of_sanctioned_entity; psa_owner_of_sanctioned_ukr_nsdc_entity; psa_owner_of_sanctioned_usa_ofac_sdn_entity; psa_owner_of_usa_bis_entity; psa_uk_50_percent_rule; psa_usa_bis_50_percent_rule; regulatory_action; reputational_risk_other; sanctioned; sanctioned_aus_dfat; sanctioned_can_gac; sanctioned_che_seco; sanctioned_eu_dg_fisma_ec; sanctioned_eu_ec_regulation_269_2014; sanctioned_eu_ec_sanctions_map; sanctioned_eu_sanctions; sanctioned_fra_dgt_mefids; sanctioned_gbr_fcdo; sanctioned_jpn_mof; sanctioned_nzl_mfat_rus; sanctioned_usa_ofac_sdn; state_owned; uk_50_percent_rule; usa_bis_50_percent_rule,1269,28,/v1/entity/IqT-ciRIQc9XuMllE0Acpw
E_NabEdOK7AokStLfvF1rQ,Novikombank,Акционерный Коммерческий Банк Новикомбанк акционерное общество,company,RUS; BRA,True,False,basel_aml; controlled_by_aus_sanctioned; controlled_by_ofac_sdn; controlled_by_uk_sanctioned; controlled_by_ukr_sanctioned; cpi_score; eu_50_percent_rule; export_controls; export_controls_other; formerly_sanctioned; meu_list_contractors; ofac_50_percent_rule; owned_by_entity_in_export_controls; owned_by_regulatory_action_entity; owned_by_rus_soe; owned_by_sanctioned_can_gac_entity; owned_by_sanctioned_che_seco_entity; owned_by_sanctioned_entity; owned_by_sanctioned_eu_ec_regulation_833_2014_entity; owned_by_sanctioned_eu_ec_sanctions_map_entity; owned_by_sanctioned_eu_sanctions_entity; owned_by_sanctioned_gbr_fcdo_entity; owned_by_sanctioned_jpn_mof_entity; owned_by_sanctioned_nzl_mfat_rus_entity; owned_by_sanctioned_ukr_nsdc_entity; owned_by_sanctioned_usa_ofac_non_sdn_entity; owned_by_sanctioned_usa_ofac_sdn_entity; owned_by_soe; owned_by_usa_bis_entity; pep_adjacent; psa_eu_50_percent_rule; psa_ofac_50_percent_rule; psa_owned_by_entity_in_export_controls; psa_owned_by_regulatory_action_entity; psa_owned_by_rus_soe; psa_owned_by_sanctioned_can_gac_entity; psa_owned_by_sanctioned_che_seco_entity; psa_owned_by_sanctioned_entity; psa_owned_by_sanctioned_eu_ec_regulation_833_2014_entity; psa_owned_by_sanctioned_eu_ec_sanctions_map_entity; psa_owned_by_sanctioned_eu_sanctions_entity; psa_owned_by_sanctioned_gbr_fcdo_entity; psa_owned_by_sanctioned_jpn_mof_entity; psa_owned_by_sanctioned_nzl_mfat_rus_entity; psa_owned_by_sanctioned_ukr_nsdc_entity; psa_owned_by_sanctioned_usa_ofac_non_sdn_entity; psa_owned_by_sanctioned_usa_ofac_sdn_entity; psa_owned_by_soe; psa_owned_by_usa_bis_entity; psa_uk_50_percent_rule; psa_usa_bis_50_percent_rule; regulatory_action; sanctioned; sanctioned_aus_dfat; sanctioned_can_gac; sanctioned_che_seco; sanctioned_eu_dg_fisma_ec; sanctioned_eu_ec_regulation_269_2014; sanctioned_eu_ec_sanctions_map; sanctioned_eu_sanctions; sanctioned_fra_dgt_mefids; sanctioned_gbr_fcdo; sanctioned_jpn_mof; sanctioned_nzl_mfat_rus; sanctioned_other; sanctioned_ukr_nsdc; sanctioned_usa_ofac_non_sdn; sanctioned_usa_ofac_sdn; soe_adjacent; uk_50_percent_rule; usa_bis_50_percent_rule,1628,30,/v1/entity/E_NabEdOK7AokStLfvF1rQ
GGHASgIP4hQ3e180IDb8Qw,Sovcombank,"ПУБЛИЧНОЕ АКЦИОНЕРНОЕ ОБЩЕСТВО ""СОВКОМБАНК""",company,RUS; CYP,True,False,basel_aml; controlled_by_ofac_sdn; controlled_by_uk_sanctioned; controlled_by_ukr_sanctioned; cpi_score; export_controls; export_controls_other; formerly_sanctioned; meu_list_contractors; owner_of_export_controls_entity; owner_of_regulatory_action_entity; owner_of_sanctioned_entity; owner_of_sanctioned_ukr_nsdc_entity; owner_of_sanctioned_usa_ofac_sdn_entity; pep_adjacent; psa_owner_of_export_controls_entity; psa_owner_of_regulatory_action_entity; psa_owner_of_sanctioned_entity; psa_owner_of_sanctioned_ukr_nsdc_entity; psa_owner_of_sanctioned_usa_ofac_sdn_entity; regulatory_action; sanctioned; sanctioned_aus_dfat; sanctioned_can_gac; sanctioned_che_seco; sanctioned_eu_dg_fisma_ec; sanctioned_eu_ec_regulation_269_2014; sanctioned_eu_ec_sanctions_map; sanctioned_eu_sanctions; sanctioned_fra_dgt_mefids; sanctioned_gbr_fcdo; sanctioned_jpn_mof; sanctioned_nzl_mfat_rus; sanctioned_ukr_nsdc; sanctioned_usa_ofac_sdn; soe_adjacent,3143,31,/v1/entity/GGHASgIP4hQ3e180IDb8Qw
fcyGF6c60wnDy29rB3IWiQ,Bank Otkritie,"ПУБЛИЧНОЕ АКЦИОНЕРНОЕ ОБЩЕСТВО БАНК ""ФИНАНСОВАЯ КОРПОРАЦИЯ ОТКРЫТИЕ""",company,USA; CYP; ITA; RUS; KAZ,True,False,basel_aml; controlled_by_aus_sanctioned; controlled_by_ofac_sdn; controlled_by_uk_sanctioned; controlled_by_ukr_sanctioned; cpi_score; export_controls; export_controls_other; formerly_sanctioned; law_enforcement_action; meu_list_contractors; owned_by_entity_in_export_controls; owned_by_regulatory_action_entity; owned_by_sanctioned_aus_dfat_entity; owned_by_sanctioned_can_gac_entity; owned_by_sanctioned_entity; owned_by_sanctioned_gbr_fcdo_entity; owned_by_sanctioned_jpn_mof_entity; owned_by_sanctioned_nzl_mfat_rus_entity; owned_by_sanctioned_ukr_nsdc_entity; owned_by_sanctioned_usa_ofac_non_sdn_entity; owned_by_soe; owner_of_export_controls_entity; owner_of_regulatory_action_entity; owner_of_sanctioned_entity; owner_of_sanctioned_ukr_nsdc_entity; owner_of_sanctioned_usa_ofac_sdn_entity; owner_of_soe; pep_adjacent; psa_owned_by_entity_in_export_controls; psa_owned_by_regulatory_action_entity; psa_owned_by_sanctioned_aus_dfat_entity; psa_owned_by_sanctioned_can_gac_entity; psa_owned_by_sanctioned_entity; psa_owned_by_sanctioned_gbr_fcdo_entity; psa_owned_by_sanctioned_jpn_mof_entity; psa_owned_by_sanctioned_nzl_mfat_rus_entity; psa_owned_by_sanctioned_ukr_nsdc_entity; psa_owned_by_sanctioned_usa_ofac_non_sdn_entity; psa_owned_by_soe; psa_owner_of_export_controls_entity; psa_owner_of_regulatory_action_entity; psa_owner_of_sanctioned_entity; psa_owner_of_sanctioned_ukr_nsdc_entity; psa_owner_of_sanctioned_usa_ofac_sdn_entity; psa_owner_of_soe; regulatory_action; reputational_risk_other; sanctioned; sanctioned_aus_dfat; sanctioned_can_gac; sanctioned_che_seco; sanctioned_eu_dg_fisma_ec; sanctioned_eu_ec_regulation_269_2014; sanctioned_eu_ec_sanctions_map; sanctioned_eu_sanctions; sanctioned_fra_dgt_mefids; sanctioned_gbr_fcdo; sanctioned_jpn_mof; sanctioned_nzl_mfat_rus; sanctioned_ukr_nsdc; sanctioned_usa_ofac_sdn; state_owned,1993,32,/v1/entity/fcyGF6c60wnDy29rB3IWiQ
9-IuyJoA08bELHrSY3mXXA,Transneft,"ПУБЛИЧНОЕ АКЦИОНЕРНОЕ ОБЩЕСТВО ""ТРАНСНЕФТЬ""",company,RUS,True,False,basel_aml; cpi_score; export_controls_adjacent; meu_list_contractors; sanctioned; sanctioned_gbr_fcdo; soe_adjacent,1526,9,/v1/entity/9-IuyJoA08bELHrSY3mXXA
RqBOnCZOD5pWG-tCf8wr8A,Russian Railways,"ОТКРЫТОЕ АКЦИОНЕРНОЕ ОБЩЕСТВО ""РОССИЙСКИЕ ЖЕЛЕЗНЫЕ ДОРОГИ""",company,HUN; BLR; FIN; IRN; CHN; FRA; RUS; MLT; EST; DEU; PRK; POL,True,False,basel_aml; controlled_by_aus_sanctioned; controlled_by_eu_sanctioned; controlled_by_ofac_sdn; controlled_by_uk_sanctioned; controlled_by_ukr_sanctioned; cpi_score; eu_high_risk_third; export_controls; law_enforcement_action; meu_list_contractors; owner_of_export_controls_entity; owner_of_regulatory_action_entity; owner_of_rus_soe; owner_of_sanctioned_che_seco_entity; owner_of_sanctioned_entity; owner_of_sanctioned_eu_dg_fisma_ec_entity; owner_of_sanctioned_eu_sanctions_entity; owner_of_sanctioned_fra_dgt_mefids_entity; owner_of_sanctioned_gbr_fcdo_entity; owner_of_sanctioned_ukr_nsdc_entity; owner_of_sanctioned_usa_ofac_sdn_entity; owner_of_soe; pep_adjacent; psa_owner_of_export_controls_entity; psa_owner_of_regulatory_action_entity; psa_owner_of_rus_soe; psa_owner_of_sanctioned_che_seco_entity; psa_owner_of_sanctioned_entity; psa_owner_of_sanctioned_eu_dg_fisma_ec_entity; psa_owner_of_sanctioned_eu_sanctions_entity; psa_owner_of_sanctioned_fra_dgt_mefids_entity; psa_owner_of_sanctioned_gbr_fcdo_entity; psa_owner_of_sanctioned_ukr_nsdc_entity; psa_owner_of_sanctioned_usa_ofac_sdn_entity; psa_owner_of_soe; regulatory_action; reputational_risk_bribery_and_corruption; reputational_risk_financial_crime; sanctioned; sanctioned_aus_dfat; sanctioned_can_gac; sanctioned_che_seco; sanctioned_eu_ec_sanctions_map; sanctioned_eu_sanctions; sanctioned_gbr_fcdo; sanctioned_nzl_mfat_rus; sanctioned_other; sanctioned_ukr_nsdc; sanctioned_usa_ofac_non_sdn; state_owned,114371,25,/v1/entity/RqBOnCZOD5pWG-tCf8wr8A
T8xxeh7qY1AW7ISrGZKLdQ,United Aircraft Corporation,"ПАО ""ОБЪЕДИНЕННАЯ АВИАСТРОИТЕЛЬНАЯ КОРПОРАЦИЯ""",company,RUS; CHN; USA; IRN,True,False,basel_aml; chinese_soe_adjacent; controlled_by_aus_sanctioned; controlled_by_eu_sanctioned; controlled_by_jpn_sanctioned; controlled_by_ofac_sdn; controlled_by_uk_sanctioned; controlled_by_ukr_sanctioned; cpi_score; eu_50_percent_rule; eu_high_risk_third; export_controls; export_controls_other; exports_bis_high_priority_items_critical_components_indirect; exports_bis_high_priority_items_indirect; formerly_sanctioned; formerly_sanctioned_che_seco; imports_bis_high_priority_items; imports_bis_high_priority_items_critical_components; law_enforcement_action; meu_list_contractors; ofac_50_percent_rule; owned_by_entity_in_export_controls; owned_by_regulatory_action_entity; owned_by_rus_soe; owned_by_sanctioned_can_gac_entity; owned_by_sanctioned_che_seco_entity; owned_by_sanctioned_entity; owned_by_sanctioned_eu_dg_fisma_ec_entity; owned_by_sanctioned_eu_ec_regulation_833_2014_entity; owned_by_sanctioned_eu_ec_sanctions_map_entity; owned_by_sanctioned_eu_sanctions_entity; owned_by_sanctioned_fra_dgt_mefids_entity; owned_by_sanctioned_gbr_fcdo_entity; owned_by_sanctioned_jpn_mof_entity; owned_by_sanctioned_nzl_mfat_rus_entity; owned_by_sanctioned_ukr_nsdc_entity; owned_by_sanctioned_usa_ofac_non_sdn_entity; owned_by_sanctioned_usa_ofac_sdn_entity; owned_by_soe; owned_by_usa_bis_entity; owner_of_export_controls_entity; owner_of_regulatory_action_entity; owner_of_sanctioned_can_gac_entity; owner_of_sanctioned_che_seco_entity; owner_of_sanctioned_entity; owner_of_sanctioned_eu_dg_fisma_ec_entity; owner_of_sanctioned_eu_ec_regulation_833_2014_entity; owner_of_sanctioned_eu_ec_sanctions_map_entity; owner_of_sanctioned_eu_sanctions_entity; owner_of_sanctioned_fra_dgt_mefids_entity; owner_of_sanctioned_jpn_mof_entity; owner_of_sanctioned_nzl_mfat_rus_entity; owner_of_sanctioned_ukr_nsdc_entity; owner_of_sanctioned_usa_ofac_sdn_entity; owner_of_soe; owner_of_usa_bis_entity; pep_adjacent; psa_eu_50_percent_rule; psa_exports_bis_high_priority_items_critical_components_indirect; psa_exports_bis_high_priority_items_indirect; psa_imports_bis_high_priority_items; psa_imports_bis_high_priority_items_critical_components; psa_ofac_50_percent_rule; psa_owned_by_entity_in_export_controls; psa_owned_by_regulatory_action_entity; psa_owned_by_rus_soe; psa_owned_by_sanctioned_can_gac_entity; psa_owned_by_sanctioned_che_seco_entity; psa_owned_by_sanctioned_entity; psa_owned_by_sanctioned_eu_dg_fisma_ec_entity; psa_owned_by_sanctioned_eu_ec_regulation_833_2014_entity; psa_owned_by_sanctioned_eu_ec_sanctions_map_entity; psa_owned_by_sanctioned_eu_sanctions_entity; psa_owned_by_sanctioned_fra_dgt_mefids_entity; psa_owned_by_sanctioned_gbr_fcdo_entity; psa_owned_by_sanctioned_jpn_mof_entity; psa_owned_by_sanctioned_nzl_mfat_rus_entity; psa_owned_by_sanctioned_ukr_nsdc_entity; psa_owned_by_sanctioned_usa_ofac_non_sdn_entity; psa_owned_by_sanctioned_usa_ofac_sdn_entity; psa_owned_by_soe; psa_owned_by_usa_bis_entity; psa_owner_of_export_controls_entity; psa_owner_of_jpn_meti_end_user_entity; psa_owner_of_regulatory_action_entity; psa_owner_of_sanctioned_can_gac_entity; psa_owner_of_sanctioned_che_seco_entity; psa_owner_of_sanctioned_entity; psa_owner_of_sanctioned_eu_dg_fisma_ec_entity; psa_owner_of_sanctioned_eu_ec_regulation_833_2014_entity; psa_owner_of_sanctioned_eu_ec_sanctions_map_entity; psa_owner_of_sanctioned_eu_sanctions_entity; psa_owner_of_sanctioned_fra_dgt_mefids_entity; psa_owner_of_sanctioned_jpn_mof_entity; psa_owner_of_sanctioned_nzl_mfat_rus_entity; psa_owner_of_sanctioned_ukr_nsdc_entity; psa_owner_of_sanctioned_usa_ofac_sdn_entity; psa_owner_of_soe; psa_owner_of_usa_bis_entity; psa_uk_50_percent_rule; psa_usa_bis_50_percent_rule; regulatory_action; sanctioned; sanctioned_aus_dfat; sanctioned_can_gac; sanctioned_che_seco; sanctioned_eu_dg_fisma_ec; sanctioned_eu_ec_regulation_269_2014; sanctioned_eu_ec_regulation_833_2014; sanctioned_eu_ec_sanctions_map; sanctioned_eu_sanctions; sanctioned_fra_dgt_mefids; sanctioned_gbr_fcdo; sanctioned_gbr_hmt_ofsi; sanctioned_jpn_mof; sanctioned_nzl_mfat_rus; sanctioned_ukr_nsdc; sanctioned_usa_ofac_sdn; state_owned; uk_50_percent_rule; usa_bis; usa_bis_50_percent_rule,5721,35,/v1/entity/T8xxeh7qY1AW7ISrGZKLdQ
C5evl7eZKYvMMZHtGrm5UQ,United Shipbuilding Corporation,"АО ""ОБЪЕДИНЕННАЯ СУДОСТРОИТЕЛЬНАЯ КОРПОРАЦИЯ"" ЧЕРЕЗ АО ""ПСЗ ""ЯНТАРЬ""",company,RUS,True,False,basel_aml; controlled_by_aus_sanctioned; controlled_by_eu_sanctioned; controlled_by_jpn_sanctioned; controlled_by_ofac_sdn; controlled_by_uk_sanctioned; controlled_by_ukr_sanctioned; cpi_score; export_controls; export_controls_other; formerly_sanctioned; imports_bis_high_priority_items; imports_bis_high_priority_items_critical_components; law_enforcement_action; meu_list_contractors; owner_of_export_controls_entity; owner_of_regulatory_action_entity; owner_of_sanctioned_aus_dfat_entity; owner_of_sanctioned_can_gac_entity; owner_of_sanctioned_che_seco_entity; owner_of_sanctioned_entity; owner_of_sanctioned_eu_dg_fisma_ec_entity; owner_of_sanctioned_eu_ec_regulation_833_2014_entity; owner_of_sanctioned_eu_ec_sanctions_map_entity; owner_of_sanctioned_eu_sanctions_entity; owner_of_sanctioned_fra_dgt_mefids_entity; owner_of_sanctioned_jpn_mof_entity; owner_of_sanctioned_nzl_mfat_rus_entity; owner_of_sanctioned_ukr_nsdc_entity; owner_of_sanctioned_usa_ofac_sdn_entity; owner_of_soe; owner_of_usa_bis_entity; pep_adjacent; psa_imports_bis_high_priority_items; psa_imports_bis_high_priority_items_critical_components; psa_owner_of_export_controls_entity; psa_owner_of_jpn_meti_end_user_entity; psa_owner_of_regulatory_action_entity; psa_owner_of_sanctioned_aus_dfat_entity; psa_owner_of_sanctioned_can_gac_entity; psa_owner_of_sanctioned_che_seco_entity; psa_owner_of_sanctioned_entity; psa_owner_of_sanctioned_eu_dg_fisma_ec_entity; psa_owner_of_sanctioned_eu_ec_regulation_833_2014_entity; psa_owner_of_sanctioned_eu_ec_sanctions_map_entity; psa_owner_of_sanctioned_eu_sanctions_entity; psa_owner_of_sanctioned_fra_dgt_mefids_entity; psa_owner_of_sanctioned_jpn_mof_entity; psa_owner_of_sanctioned_nzl_mfat_rus_entity; psa_owner_of_sanctioned_ukr_nsdc_entity; psa_owner_of_sanctioned_usa_ofac_sdn_entity; psa_owner_of_soe; psa_owner_of_usa_bis_entity; regulatory_action; sanctioned; sanctioned_aus_dfat; sanctioned_can_gac; sanctioned_che_seco; sanctioned_eu_dg_fisma_ec; sanctioned_eu_ec_regulation_269_2014; sanctioned_eu_ec_regulation_833_2014; sanctioned_eu_ec_sanctions_map; sanctioned_eu_sanctions; sanctioned_fra_dgt_mefids; sanctioned_gbr_fcdo; sanctioned_jpn_mof; sanctioned_nzl_mfat_rus; sanctioned_ukr_nsdc; sanctioned_usa_ofac_sdn; state_owned; state_owned_rus; usa_bis,3627,27,/v1/entity/C5evl7eZKYvMMZHtGrm5UQ
7h4KiPgnAb6t497bGQSXRA,Kamaz,"ПАО ""КАМАЗ""",company,RUS; CYP; AUT,True,False,basel_aml; controlled_by_aus_sanctioned; controlled_by_eu_sanctioned; controlled_by_ofac_sdn; controlled_by_uk_sanctioned; controlled_by_ukr_sanctioned; cpi_score; eu_50_percent_rule; export_controls; export_controls_other; formerly_sanctioned; imports_bis_high_priority_items; law_enforcement_action; meu_list_contractors; ofac_50_percent_rule; owned_by_entity_in_export_controls; owned_by_regulatory_action_entity; owned_by_rus_soe; owned_by_sanctioned_aus_dfat_entity; owned_by_sanctioned_can_gac_entity; owned_by_sanctioned_che_seco_entity; owned_by_sanctioned_entity; owned_by_sanctioned_eu_dg_fisma_ec_entity; owned_by_sanctioned_eu_ec_regulation_833_2014_entity; owned_by_sanctioned_eu_ec_sanctions_map_entity; owned_by_sanctioned_eu_sanctions_entity; owned_by_sanctioned_fra_dgt_mefids_entity; owned_by_sanctioned_gbr_fcdo_entity; owned_by_sanctioned_jpn_mof_entity; owned_by_sanctioned_nzl_mfat_rus_entity; owned_by_sanctioned_ukr_nsdc_entity; owned_by_sanctioned_usa_ofac_non_sdn_entity; owned_by_sanctioned_usa_ofac_sdn_entity; owned_by_soe; owned_by_usa_bis_entity; owner_of_export_controls_entity; owner_of_regulatory_action_entity; owner_of_sanctioned_che_seco_entity; owner_of_sanctioned_entity; owner_of_sanctioned_eu_ec_regulation_833_2014_entity; owner_of_sanctioned_eu_ec_sanctions_map_entity; owner_of_sanctioned_eu_sanctions_entity; owner_of_sanctioned_gbr_fcdo_entity; owner_of_sanctioned_jpn_mof_entity; owner_of_sanctioned_nzl_mfat_rus_entity; owner_of_sanctioned_ukr_nsdc_entity; owner_of_sanctioned_usa_ofac_sdn_entity; owner_of_usa_bis_entity; pep_adjacent; psa_eu_50_percent_rule; psa_imports_bis_high_priority_items; psa_ofac_50_percent_rule; psa_owned_by_entity_in_export_controls; psa_owned_by_regulatory_action_entity; psa_owned_by_rus_soe; psa_owned_by_sanctioned_aus_dfat_entity; psa_owned_by_sanctioned_can_gac_entity; psa_owned_by_sanctioned_che_seco_entity; psa_owned_by_sanctioned_entity; psa_owned_by_sanctioned_eu_dg_fisma_ec_entity; psa_owned_by_sanctioned_eu_ec_regulation_833_2014_entity; psa_owned_by_sanctioned_eu_ec_sanctions_map_entity; psa_owned_by_sanctioned_eu_sanctions_entity; psa_owned_by_sanctioned_fra_dgt_mefids_entity; psa_owned_by_sanctioned_gbr_fcdo_entity; psa_owned_by_sanctioned_jpn_mof_entity; psa_owned_by_sanctioned_nzl_mfat_rus_entity; psa_owned_by_sanctioned_ukr_nsdc_entity; psa_owned_by_sanctioned_usa_ofac_non_sdn_entity; psa_owned_by_sanctioned_usa_ofac_sdn_entity; psa_owned_by_soe; psa_owned_by_usa_bis_entity; psa_owner_of_export_controls_entity; psa_owner_of_regulatory_action_entity; psa_owner_of_sanctioned_che_seco_entity; psa_owner_of_sanctioned_entity; psa_owner_of_sanctioned_eu_ec_regulation_833_2014_entity; psa_owner_of_sanctioned_eu_ec_sanctions_map_entity; psa_owner_of_sanctioned_eu_sanctions_entity; psa_owner_of_sanctioned_gbr_fcdo_entity; psa_owner_of_sanctioned_jpn_mof_entity; psa_owner_of_sanctioned_nzl_mfat_rus_entity; psa_owner_of_sanctioned_ukr_nsdc_entity; psa_owner_of_sanctioned_usa_ofac_sdn_entity; psa_owner_of_usa_bis_entity; psa_uk_50_percent_rule; psa_usa_bis_50_percent_rule; regulatory_action; sanctioned; sanctioned_can_gac; sanctioned_che_seco; sanctioned_eu_dg_fisma_ec; sanctioned_eu_ec_regulation_269_2014; sanctioned_eu_ec_regulation_833_2014; sanctioned_eu_ec_sanctions_map; sanctioned_eu_sanctions; sanctioned_fra_dgt_mefids; sanctioned_gbr_fcdo; sanctioned_jpn_mof; sanctioned_nzl_mfat_rus; sanctioned_ukr_nsdc; sanctioned_usa_ofac_sdn; state_owned; uk_50_percent_rule; usa_bis; usa_bis_50_percent_rule,9280,29,/v1/entity/7h4KiPgnAb6t497bGQSXRA
9N2v17i-iAzuwbG9aTV_ng,Sevmash,"АКЦИОНЕРНОЕ ОБЩЕСТВО ""ПРОИЗВОДСТВЕННОЕ ОБЪЕДИНЕНИЕ ""СЕВЕРНОЕ МАШИНОСТРОИТЕЛЬНОЕ ПРЕДПРИЯТИЕ""",company,RUS,True,False,basel_aml; cpi_score; eu_50_percent_rule; export_controls; export_controls_other; formerly_sanctioned; meu_list_contractors; ofac_50_percent_rule; owned_by_entity_in_export_controls; owned_by_regulatory_action_entity; owned_by_rus_soe; owned_by_sanctioned_aus_dfat_entity; owned_by_sanctioned_can_gac_entity; owned_by_sanctioned_che_seco_entity; owned_by_sanctioned_entity; owned_by_sanctioned_eu_dg_fisma_ec_entity; owned_by_sanctioned_eu_ec_regulation_833_2014_entity; owned_by_sanctioned_eu_ec_sanctions_map_entity; owned_by_sanctioned_eu_sanctions_entity; owned_by_sanctioned_fra_dgt_mefids_entity; owned_by_sanctioned_gbr_fcdo_entity; owned_by_sanctioned_jpn_mof_entity; owned_by_sanctioned_nzl_mfat_rus_entity; owned_by_sanctioned_ukr_nsdc_entity; owned_by_sanctioned_usa_ofac_sdn_entity; owned_by_soe; owned_by_usa_bis_entity; psa_eu_50_percent_rule; psa_exports_bis_high_priority_items_indirect; psa_ofac_50_percent_rule; psa_owned_by_entity_in_export_controls; psa_owned_by_regulatory_action_entity; psa_owned_by_rus_soe; psa_owned_by_sanctioned_aus_dfat_entity; psa_owned_by_sanctioned_can_gac_entity; psa_owned_by_sanctioned_che_seco_entity; psa_owned_by_sanctioned_entity; psa_owned_by_sanctioned_eu_dg_fisma_ec_entity; psa_owned_by_sanctioned_eu_ec_regulation_833_2014_entity; psa_owned_by_sanctioned_eu_ec_sanctions_map_entity; psa_owned_by_sanctioned_eu_sanctions_entity; psa_owned_by_sanctioned_fra_dgt_mefids_entity; psa_owned_by_sanctioned_gbr_fcdo_entity; psa_owned_by_sanctioned_jpn_mof_entity; psa_owned_by_sanctioned_nzl_mfat_rus_entity; psa_owned_by_sanctioned_ukr_nsdc_entity; psa_owned_by_sanctioned_usa_ofac_sdn_entity; psa_owned_by_soe; psa_owned_by_usa_bis_entity; psa_uk_50_percent_rule; psa_usa_bis_50_percent_rule; regulatory_action; sanctioned; sanctioned_can_gac; sanctioned_eu_ec_regulation_833_2014; sanctioned_eu_sanctions; sanctioned_jpn_mof; sanctioned_nzl_mfat_rus; sanctioned_usa_ofac_sdn; soe_adjacent; uk_50_percent_rule; usa_bis; usa_bis_50_percent_rule,5995,16,/v1/entity/9N2v17i-iAzuwbG9aTV_ng
d2TgQkN7TkoPuE9fvnV9Xw,Almaz-Antey,"АО ""КОНЦЕРН ВКО ""АЛМАЗ-АНТЕЙ""",company,RUS,True,False,basel_aml; controlled_by_aus_sanctioned; controlled_by_eu_sanctioned; controlled_by_jpn_sanctioned; controlled_by_ofac_sdn; controlled_by_uk_sanctioned; controlled_by_ukr_sanctioned; cpi_score; eu_50_percent_rule; export_controls; export_controls_other; exports_bis_high_priority_items_critical_components_indirect; exports_bis_high_priority_items_indirect; formerly_sanctioned; imports_bis_high_priority_items; imports_bis_high_priority_items_critical_components; law_enforcement_action; meu_list_contractors; ofac_50_percent_rule; owned_by_entity_in_export_controls; owned_by_regulatory_action_entity; owned_by_sanctioned_aus_dfat_entity; owned_by_sanctioned_can_gac_entity; owned_by_sanctioned_entity; owned_by_sanctioned_eu_dg_fisma_ec_entity; owned_by_sanctioned_eu_ec_regulation_833_2014_entity; owned_by_sanctioned_eu_ec_sanctions_map_entity; owned_by_sanctioned_eu_sanctions_entity; owned_by_sanctioned_fra_dgt_mefids_entity; owned_by_sanctioned_jpn_mof_entity; owned_by_sanctioned_nzl_mfat_rus_entity; owned_by_sanctioned_ukr_nsdc_entity; owned_by_sanctioned_usa_ofac_sdn_entity; owned_by_soe; owned_by_usa_bis_entity; owner_of_export_controls_entity; owner_of_regulatory_action_entity; owner_of_sanctioned_aus_dfat_entity; owner_of_sanctioned_can_gac_entity; owner_of_sanctioned_che_seco_entity; owner_of_sanctioned_entity; owner_of_sanctioned_eu_dg_fisma_ec_entity; owner_of_sanctioned_eu_ec_regulation_833_2014_entity; owner_of_sanctioned_eu_ec_sanctions_map_entity; owner_of_sanctioned_eu_sanctions_entity; owner_of_sanctioned_fra_dgt_mefids_entity; owner_of_sanctioned_gbr_fcdo_entity; owner_of_sanctioned_jpn_mof_entity; owner_of_sanctioned_nzl_mfat_rus_entity; owner_of_sanctioned_ukr_nsdc_entity; owner_of_sanctioned_usa_ofac_sdn_entity; owner_of_soe; owner_of_usa_bis_entity; pep_adjacent; psa_eu_50_percent_rule; psa_export_to_chinese_soe; psa_exports_bis_high_priority_items_critical_components_indirect; psa_exports_bis_high_priority_items_indirect; psa_imports_bis_high_priority_items; psa_imports_bis_high_priority_items_critical_components; psa_ofac_50_percent_rule; psa_owned_by_entity_in_export_controls; psa_owned_by_regulatory_action_entity; psa_owned_by_sanctioned_aus_dfat_entity; psa_owned_by_sanctioned_can_gac_entity; psa_owned_by_sanctioned_entity; psa_owned_by_sanctioned_eu_dg_fisma_ec_entity; psa_owned_by_sanctioned_eu_ec_regulation_833_2014_entity; psa_owned_by_sanctioned_eu_ec_sanctions_map_entity; psa_owned_by_sanctioned_eu_sanctions_entity; psa_owned_by_sanctioned_fra_dgt_mefids_entity; psa_owned_by_sanctioned_jpn_mof_entity; psa_owned_by_sanctioned_nzl_mfat_rus_entity; psa_owned_by_sanctioned_ukr_nsdc_entity; psa_owned_by_sanctioned_usa_ofac_sdn_entity; psa_owned_by_soe; psa_owned_by_usa_bis_entity; psa_owner_of_export_controls_entity; psa_owner_of_jpn_meti_end_user_entity; psa_owner_of_regulatory_action_entity; psa_owner_of_sanctioned_aus_dfat_entity; psa_owner_of_sanctioned_can_gac_entity; psa_owner_of_sanctioned_che_seco_entity; psa_owner_of_sanctioned_entity; psa_owner_of_sanctioned_eu_dg_fisma_ec_entity; psa_owner_of_sanctioned_eu_ec_regulation_833_2014_entity; psa_owner_of_sanctioned_eu_ec_sanctions_map_entity; psa_owner_of_sanctioned_eu_sanctions_entity; psa_owner_of_sanctioned_fra_dgt_mefids_entity; psa_owner_of_sanctioned_gbr_fcdo_entity; psa_owner_of_sanctioned_jpn_mof_entity; psa_owner_of_sanctioned_nzl_mfat_rus_entity; psa_owner_of_sanctioned_ukr_nsdc_entity; psa_owner_of_sanctioned_usa_ofac_sdn_entity; psa_owner_of_soe; psa_owner_of_usa_bis_entity; psa_usa_bis_50_percent_rule; regulatory_action; sanctioned; sanctioned_aus_dfat; sanctioned_can_gac; sanctioned_che_seco; sanctioned_eu_dg_fisma_ec; sanctioned_eu_ec_regulation_269_2014; sanctioned_eu_ec_regulation_833_2014; sanctioned_eu_ec_sanctions_map; sanctioned_eu_sanctions; sanctioned_fra_dgt_mefids; sanctioned_gbr_fcdo; sanctioned_jpn_mof; sanctioned_nzl_mfat_rus; sanctioned_ukr_nsdc; sanctioned_usa_ofac_sdn; state_owned; state_owned_rus; usa_bis; usa_bis_50_percent_rule,8977,29,/v1/entity/d2TgQkN7TkoPuE9fvnV9Xw
kpydBqvXd0I81sqNynYMPA,Uralvagonzavod,"АКЦИОНЕРНОЕ ОБЩЕСТВО  ""УРАЛЬСКАЯ БОЛЬШЕГРУЗНАЯ ТЕХНИКА-УРАЛВАГОНЗАВОД""",company,RUS,True,False,basel_aml; cpi_score; eu_50_percent_rule; export_controls; export_controls_other; meu_list_contractors; ofac_50_percent_rule; owned_by_entity_in_export_controls; owned_by_regulatory_action_entity; owned_by_sanctioned_can_gac_entity; owned_by_sanctioned_che_seco_entity; owned_by_sanctioned_entity; owned_by_sanctioned_eu_dg_fisma_ec_entity; owned_by_sanctioned_eu_ec_regulation_833_2014_entity; owned_by_sanctioned_eu_ec_sanctions_map_entity; owned_by_sanctioned_eu_sanctions_entity; owned_by_sanctioned_fra_dgt_mefids_entity; owned_by_sanctioned_gbr_fcdo_entity; owned_by_sanctioned_jpn_mof_entity; owned_by_sanctioned_nzl_mfat_rus_entity; owned_by_sanctioned_ukr_nsdc_entity; owned_by_sanctioned_usa_ofac_sdn_entity; owned_by_soe; owned_by_usa_bis_entity; psa_eu_50_percent_rule; psa_ofac_50_percent_rule; psa_owned_by_entity_in_export_controls; psa_owned_by_regulatory_action_entity; psa_owned_by_sanctioned_can_gac_entity; psa_owned_by_sanctioned_che_seco_entity; psa_owned_by_sanctioned_entity; psa_owned_by_sanctioned_eu_dg_fisma_ec_entity; psa_owned_by_sanctioned_eu_ec_regulation_833_2014_entity; psa_owned_by_sanctioned_eu_ec_sanctions_map_entity; psa_owned_by_sanctioned_eu_sanctions_entity; psa_owned_by_sanctioned_fra_dgt_mefids_entity; psa_owned_by_sanctioned_gbr_fcdo_entity; psa_owned_by_sanctioned_jpn_mof_entity; psa_owned_by_sanctioned_nzl_mfat_rus_entity; psa_owned_by_sanctioned_ukr_nsdc_entity; psa_owned_by_sanctioned_usa_ofac_sdn_entity; psa_owned_by_soe; psa_owned_by_usa_bis_entity; psa_uk_50_percent_rule; psa_usa_bis_50_percent_rule; regulatory_action; sanctioned; sanctioned_ukr_nsdc; sanctioned_usa_ofac_sdn; state_owned; uk_50_percent_rule; usa_bis_50_percent_rule,2774,14,/v1/entity/kpydBqvXd0I81sqNynYMPA
zqpMddadf94y39RfB3AgcA,Kalashnikov Concern,Kalashnikov Concern,company,RUS,True,False,basel_aml; cpi_score; export_controls_adjacent; formerly_sanctioned; formerly_sanctioned_nzl_mfat_rus; meu_list_contractors; psa_export_controls; psa_jpn_meti_end_user; sanctioned; sanctioned_aus_dfat; sanctioned_can_gac; soe_adjacent,60,"{'3322a755c28851ec06eda3280cc2a2b2': {'count': 75, 'label': 'Russia ClearSpending (3rd Party Data)', 'country': 'RUS', 'source_type': 'government_procurement_data'}, '93de05b55a68cc964f34bbfc7ec7bc86': {'count': 137, 'label': 'Consolidated Canadian Autonomous Sanctions List', 'country': 'CAN', 'source_type': 'sanctions_lists'}, 'bef2f30139ea37c723ecb0f953b5f024': {'count': 60, 'label': 'Australia Consolidated Sanctions List', 'country': 'AUS', 'source_type': 'sanctions_lists'}, '6c14405dec0a245d6acd6a3650d49de4': {'count': 5, 'label': 'EU Sanctions - Council Decisions and Regulations', 'country': 'XXX', 'source_type': 'sanctions_lists'}, 'd357238101a2bb02d97d5d77a56d9455': {'count': 5, 'label': 'New Zealand Russia Sanctions', 'country': 'NZL', 'source_type': 'sanctions_lists'}}",/v1/entity/zqpMddadf94y39RfB3AgcA
DSdGMprorXMqoAktAQpqYg,NPO High Precision Systems,JSC NPO High Precision Systems,company,RUS,True,False,basel_aml; controlled_by_eu_sanctioned; controlled_by_ofac_sdn; controlled_by_uk_sanctioned; controlled_by_ukr_sanctioned; cpi_score; eu_50_percent_rule; export_controls; export_controls_other; formerly_sanctioned; formerly_sanctioned_che_seco; law_enforcement_action; meu_list_contractors; ofac_50_percent_rule; owned_by_entity_in_export_controls; owned_by_regulatory_action_entity; owned_by_rus_soe; owned_by_sanctioned_can_gac_entity; owned_by_sanctioned_che_seco_entity; owned_by_sanctioned_entity; owned_by_sanctioned_eu_ec_regulation_833_2014_entity; owned_by_sanctioned_eu_ec_sanctions_map_entity; owned_by_sanctioned_eu_sanctions_entity; owned_by_sanctioned_gbr_fcdo_entity; owned_by_sanctioned_jpn_mof_entity; owned_by_sanctioned_nzl_mfat_rus_entity; owned_by_sanctioned_ukr_nsdc_entity; owned_by_sanctioned_usa_ofac_non_sdn_entity; owned_by_sanctioned_usa_ofac_sdn_entity; owned_by_soe; owned_by_usa_bis_entity; owner_of_export_controls_entity; owner_of_regulatory_action_entity; owner_of_sanctioned_aus_dfat_entity; owner_of_sanctioned_can_gac_entity; owner_of_sanctioned_che_seco_entity; owner_of_sanctioned_entity; owner_of_sanctioned_eu_dg_fisma_ec_entity; owner_of_sanctioned_eu_ec_regulation_833_2014_entity; owner_of_sanctioned_eu_ec_sanctions_map_entity; owner_of_sanctioned_eu_sanctions_entity; owner_of_sanctioned_fra_dgt_mefids_entity; owner_of_sanctioned_jpn_mof_entity; owner_of_sanctioned_nzl_mfat_rus_entity; owner_of_sanctioned_ukr_nsdc_entity; owner_of_sanctioned_usa_ofac_sdn_entity; owner_of_usa_bis_entity; pep_adjacent; psa_eu_50_percent_rule; psa_jpn_meti_end_user; psa_ofac_50_percent_rule; psa_owned_by_entity_in_export_controls; psa_owned_by_regulatory_action_entity; psa_owned_by_rus_soe; psa_owned_by_sanctioned_can_gac_entity; psa_owned_by_sanctioned_che_seco_entity; psa_owned_by_sanctioned_entity; psa_owned_by_sanctioned_eu_ec_regulation_833_2014_entity; psa_owned_by_sanctioned_eu_ec_sanctions_map_entity; psa_owned_by_sanctioned_eu_sanctions_entity; psa_owned_by_sanctioned_gbr_fcdo_entity; psa_owned_by_sanctioned_jpn_mof_entity; psa_owned_by_sanctioned_nzl_mfat_rus_entity; psa_owned_by_sanctioned_ukr_nsdc_entity; psa_owned_by_sanctioned_usa_ofac_non_sdn_entity; psa_owned_by_sanctioned_usa_ofac_sdn_entity; psa_owned_by_soe; psa_owned_by_usa_bis_entity; psa_owner_of_export_controls_entity; psa_owner_of_regulatory_action_entity; psa_owner_of_sanctioned_aus_dfat_entity; psa_owner_of_sanctioned_can_gac_entity; psa_owner_of_sanctioned_che_seco_entity; psa_owner_of_sanctioned_entity; psa_owner_of_sanctioned_eu_dg_fisma_ec_entity; psa_owner_of_sanctioned_eu_ec_regulation_833_2014_entity; psa_owner_of_sanctioned_eu_ec_sanctions_map_entity; psa_owner_of_sanctioned_eu_sanctions_entity; psa_owner_of_sanctioned_fra_dgt_mefids_entity; psa_owner_of_sanctioned_jpn_mof_entity; psa_owner_of_sanctioned_nzl_mfat_rus_entity; psa_owner_of_sanctioned_ukr_nsdc_entity; psa_owner_of_sanctioned_usa_ofac_sdn_entity; psa_owner_of_usa_bis_entity; psa_uk_50_percent_rule; psa_usa_bis_50_percent_rule; regulatory_action; sanctioned; sanctioned_can_gac; sanctioned_che_seco; sanctioned_eu_dg_fisma_ec; sanctioned_eu_ec_regulation_269_2014; sanctioned_eu_ec_regulation_833_2014; sanctioned_eu_ec_sanctions_map; sanctioned_eu_sanctions; sanctioned_fra_dgt_mefids; sanctioned_jpn_mof; sanctioned_nzl_mfat_rus; sanctioned_other; sanctioned_ukr_nsdc; sanctioned_usa_ofac_non_sdn; sanctioned_usa_ofac_sdn; state_owned; uk_50_percent_rule; usa_bis; usa_bis_50_percent_rule,836,25,/v1/entity/DSdGMprorXMqoAktAQpqYg
MMTM3hkCecHgP_pcfpEhHw,Tactical Missiles Corporation JSC,Tactical Missiles Corporation JSC,company,RUS; UKR,True,False,basel_aml; chinese_soe_adjacent; controlled_by_aus_sanctioned; controlled_by_eu_sanctioned; controlled_by_jpn_sanctioned; controlled_by_ofac_sdn; controlled_by_uk_sanctioned; controlled_by_ukr_sanctioned; cpi_score; export_controls; export_controls_other; exports_bis_high_priority_items_indirect; formerly_sanctioned; imports_bis_high_priority_items; law_enforcement_action; meu_list_contractors; owned_by_entity_in_export_controls; owned_by_regulatory_action_entity; owned_by_sanctioned_can_gac_entity; owned_by_sanctioned_che_seco_entity; owned_by_sanctioned_entity; owned_by_sanctioned_eu_dg_fisma_ec_entity; owned_by_sanctioned_eu_ec_regulation_833_2014_entity; owned_by_sanctioned_eu_ec_sanctions_map_entity; owned_by_sanctioned_eu_sanctions_entity; owned_by_sanctioned_fra_dgt_mefids_entity; owned_by_sanctioned_nzl_mfat_rus_entity; owned_by_sanctioned_ukr_nsdc_entity; owned_by_sanctioned_usa_ofac_sdn_entity; owned_by_usa_bis_entity; owner_of_export_controls_entity; owner_of_regulatory_action_entity; owner_of_sanctioned_aus_dfat_entity; owner_of_sanctioned_can_gac_entity; owner_of_sanctioned_che_seco_entity; owner_of_sanctioned_entity; owner_of_sanctioned_eu_dg_fisma_ec_entity; owner_of_sanctioned_eu_ec_regulation_833_2014_entity; owner_of_sanctioned_eu_ec_sanctions_map_entity; owner_of_sanctioned_eu_sanctions_entity; owner_of_sanctioned_fra_dgt_mefids_entity; owner_of_sanctioned_gbr_fcdo_entity; owner_of_sanctioned_jpn_mof_entity; owner_of_sanctioned_nzl_mfat_rus_entity; owner_of_sanctioned_ukr_nsdc_entity; owner_of_sanctioned_usa_ofac_sdn_entity; owner_of_soe; owner_of_usa_bis_entity; pep_adjacent; psa_export_to_chinese_soe; psa_exports_bis_high_priority_items_indirect; psa_imports_bis_high_priority_items; psa_jpn_meti_end_user; psa_owned_by_entity_in_export_controls; psa_owned_by_regulatory_action_entity; psa_owned_by_sanctioned_can_gac_entity; psa_owned_by_sanctioned_che_seco_entity; psa_owned_by_sanctioned_entity; psa_owned_by_sanctioned_eu_dg_fisma_ec_entity; psa_owned_by_sanctioned_eu_ec_regulation_833_2014_entity; psa_owned_by_sanctioned_eu_ec_sanctions_map_entity; psa_owned_by_sanctioned_eu_sanctions_entity; psa_owned_by_sanctioned_fra_dgt_mefids_entity; psa_owned_by_sanctioned_nzl_mfat_rus_entity; psa_owned_by_sanctioned_ukr_nsdc_entity; psa_owned_by_sanctioned_usa_ofac_sdn_entity; psa_owned_by_usa_bis_entity; psa_owner_of_export_controls_entity; psa_owner_of_jpn_meti_end_user_entity; psa_owner_of_regulatory_action_entity; psa_owner_of_sanctioned_aus_dfat_entity; psa_owner_of_sanctioned_can_gac_entity; psa_owner_of_sanctioned_che_seco_entity; psa_owner_of_sanctioned_entity; psa_owner_of_sanctioned_eu_dg_fisma_ec_entity; psa_owner_of_sanctioned_eu_ec_regulation_833_2014_entity; psa_owner_of_sanctioned_eu_ec_sanctions_map_entity; psa_owner_of_sanctioned_eu_sanctions_entity; psa_owner_of_sanctioned_fra_dgt_mefids_entity; psa_owner_of_sanctioned_gbr_fcdo_entity; psa_owner_of_sanctioned_jpn_mof_entity; psa_owner_of_sanctioned_nzl_mfat_rus_entity; psa_owner_of_sanctioned_ukr_nsdc_entity; psa_owner_of_sanctioned_usa_ofac_sdn_entity; psa_owner_of_soe; psa_owner_of_usa_bis_entity; regulatory_action; reputational_risk_other; sanctioned; sanctioned_aus_dfat; sanctioned_can_gac; sanctioned_che_seco; sanctioned_eu_dg_fisma_ec; sanctioned_eu_ec_regulation_269_2014; sanctioned_eu_ec_regulation_833_2014; sanctioned_eu_ec_sanctions_map; sanctioned_eu_sanctions; sanctioned_fra_dgt_mefids; sanctioned_gbr_fcdo; sanctioned_jpn_mof; sanctioned_nzl_mfat_rus; sanctioned_ukr_nsdc; sanctioned_usa_ofac_sdn; state_owned; state_owned_rus; usa_bis,1980,30,/v1/entity/MMTM3hkCecHgP_pcfpEhHw
GIVMkDyqah36h-CCfdtQJg,NPK Tekhmash OAO,NPK Tekhmash OAO,company,RUS,True,False,basel_aml; controlled_by_aus_sanctioned; controlled_by_eu_sanctioned; controlled_by_jpn_sanctioned; controlled_by_ofac_sdn; controlled_by_uk_sanctioned; controlled_by_ukr_sanctioned; cpi_score; export_controls; export_controls_other; formerly_sanctioned; formerly_sanctioned_che_seco; law_enforcement_action; meu_list_contractors; owned_by_entity_in_export_controls; owned_by_regulatory_action_entity; owned_by_rus_soe; owned_by_sanctioned_aus_dfat_entity; owned_by_sanctioned_can_gac_entity; owned_by_sanctioned_che_seco_entity; owned_by_sanctioned_entity; owned_by_sanctioned_eu_dg_fisma_ec_entity; owned_by_sanctioned_eu_ec_regulation_833_2014_entity; owned_by_sanctioned_eu_ec_sanctions_map_entity; owned_by_sanctioned_eu_sanctions_entity; owned_by_sanctioned_fra_dgt_mefids_entity; owned_by_sanctioned_gbr_fcdo_entity; owned_by_sanctioned_jpn_mof_entity; owned_by_sanctioned_nzl_mfat_rus_entity; owned_by_sanctioned_ukr_nsdc_entity; owned_by_sanctioned_usa_ofac_non_sdn_entity; owned_by_sanctioned_usa_ofac_sdn_entity; owned_by_soe; owned_by_usa_bis_entity; owner_of_export_controls_entity; owner_of_regulatory_action_entity; owner_of_sanctioned_aus_dfat_entity; owner_of_sanctioned_can_gac_entity; owner_of_sanctioned_che_seco_entity; owner_of_sanctioned_entity; owner_of_sanctioned_eu_dg_fisma_ec_entity; owner_of_sanctioned_eu_ec_regulation_833_2014_entity; owner_of_sanctioned_eu_ec_sanctions_map_entity; owner_of_sanctioned_eu_sanctions_entity; owner_of_sanctioned_fra_dgt_mefids_entity; owner_of_sanctioned_jpn_mof_entity; owner_of_sanctioned_nzl_mfat_rus_entity; owner_of_sanctioned_ukr_nsdc_entity; owner_of_sanctioned_usa_ofac_non_sdn_entity; owner_of_sanctioned_usa_ofac_sdn_entity; owner_of_soe; owner_of_usa_bis_entity; pep_adjacent; psa_jpn_meti_end_user; psa_owned_by_entity_in_export_controls; psa_owned_by_regulatory_action_entity; psa_owned_by_rus_soe; psa_owned_by_sanctioned_aus_dfat_entity; psa_owned_by_sanctioned_can_gac_entity; psa_owned_by_sanctioned_che_seco_entity; psa_owned_by_sanctioned_entity; psa_owned_by_sanctioned_eu_dg_fisma_ec_entity; psa_owned_by_sanctioned_eu_ec_regulation_833_2014_entity; psa_owned_by_sanctioned_eu_ec_sanctions_map_entity; psa_owned_by_sanctioned_eu_sanctions_entity; psa_owned_by_sanctioned_fra_dgt_mefids_entity; psa_owned_by_sanctioned_gbr_fcdo_entity; psa_owned_by_sanctioned_jpn_mof_entity; psa_owned_by_sanctioned_nzl_mfat_rus_entity; psa_owned_by_sanctioned_ukr_nsdc_entity; psa_owned_by_sanctioned_usa_ofac_non_sdn_entity; psa_owned_by_sanctioned_usa_ofac_sdn_entity; psa_owned_by_soe; psa_owned_by_usa_bis_entity; psa_owner_of_export_controls_entity; psa_owner_of_regulatory_action_entity; psa_owner_of_sanctioned_aus_dfat_entity; psa_owner_of_sanctioned_can_gac_entity; psa_owner_of_sanctioned_che_seco_entity; psa_owner_of_sanctioned_entity; psa_owner_of_sanctioned_eu_dg_fisma_ec_entity; psa_owner_of_sanctioned_eu_ec_regulation_833_2014_entity; psa_owner_of_sanctioned_eu_ec_sanctions_map_entity; psa_owner_of_sanctioned_eu_sanctions_entity; psa_owner_of_sanctioned_fra_dgt_mefids_entity; psa_owner_of_sanctioned_jpn_mof_entity; psa_owner_of_sanctioned_nzl_mfat_rus_entity; psa_owner_of_sanctioned_ukr_nsdc_entity; psa_owner_of_sanctioned_usa_ofac_non_sdn_entity; psa_owner_of_sanctioned_usa_ofac_sdn_entity; psa_owner_of_soe; psa_owner_of_usa_bis_entity; regulatory_action; sanctioned; sanctioned_aus_dfat; sanctioned_can_gac; sanctioned_che_seco; sanctioned_eu_dg_fisma_ec; sanctioned_eu_ec_regulation_269_2014; sanctioned_eu_ec_regulation_833_2014; sanctioned_eu_ec_sanctions_map; sanctioned_eu_sanctions; sanctioned_fra_dgt_mefids; sanctioned_jpn_mof; sanctioned_nzl_mfat_rus; sanctioned_other; sanctioned_ukr_nsdc; sanctioned_usa_ofac_non_sdn; sanctioned_usa_ofac_sdn; state_owned; usa_bis,669,25,/v1/entity/GIVMkDyqah36h-CCfdtQJg
fgqxIqm6DgNRyri_hjWioA,Molot-Oruzhie,"MOLOT-ORUZHIE, OOO",company,RUS; USA,True,False,basel_aml; cpi_score; eu_50_percent_rule; export_controls; formerly_sanctioned; law_enforcement_action; meu_list_contractors; owned_by_sanctioned_che_seco_entity; owned_by_sanctioned_entity; owned_by_sanctioned_eu_dg_fisma_ec_entity; owned_by_sanctioned_eu_ec_sanctions_map_entity; owned_by_sanctioned_eu_sanctions_entity; owned_by_sanctioned_fra_dgt_mefids_entity; owned_by_sanctioned_ukr_nsdc_entity; pep_adjacent; psa_eu_50_percent_rule; psa_owned_by_sanctioned_che_seco_entity; psa_owned_by_sanctioned_entity; psa_owned_by_sanctioned_eu_dg_fisma_ec_entity; psa_owned_by_sanctioned_eu_ec_sanctions_map_entity; psa_owned_by_sanctioned_eu_sanctions_entity; psa_owned_by_sanctioned_fra_dgt_mefids_entity; psa_owned_by_sanctioned_ukr_nsdc_entity; regulatory_action; sanctioned; sanctioned_can_gac; sanctioned_che_seco; sanctioned_eu_dg_fisma_ec; sanctioned_eu_ec_regulation_269_2014; sanctioned_eu_ec_sanctions_map; sanctioned_eu_sanctions; sanctioned_fra_dgt_mefids; sanctioned_ukr_nsdc; sanctioned_usa_ofac_sdn; state_owned; usa_bis,76,21,/v1/entity/fgqxIqm6DgNRyri_hjWioA
OnByUNAhTU9SYfzDmox5Ww,Rustec,"ООО""РУСТЭК-ТРЕЙДИНГ""",company,RUS,False,False,basel_aml; cpi_score; export_controls_adjacent; imports_bis_high_priority_items; imports_bis_high_priority_items_critical_components; imports_ndaa_889_telecom_equipment; psa_imports_bis_high_priority_items; psa_imports_bis_high_priority_items_critical_components; psa_imports_ndaa_889_telecom_equipment; sanctioned_adjacent,970,4,/v1/entity/OnByUNAhTU9SYfzDmox5Ww
9LtTGZXn_LlN05C47cwZ5w,Rosoboronexport,"АО ""РОСОБОРОНЭКСПОРТ""",company,USA; AUS; RUS; MMR; KOR,True,False,basel_aml; controlled_by_aus_sanctioned; controlled_by_eu_sanctioned; controlled_by_jpn_sanctioned; controlled_by_ofac_sdn; controlled_by_uk_sanctioned; cpi_score; eu_50_percent_rule; eu_high_risk_third; export_controls; export_controls_other; exports_bis_high_priority_items_critical_components_direct; exports_bis_high_priority_items_direct; exports_to_usa_bis_entity; formerly_sanctioned; imports_bis_high_priority_items; imports_bis_high_priority_items_critical_components; law_enforcement_action; meu_list_contractors; ofac_50_percent_rule; owned_by_entity_in_export_controls; owned_by_regulatory_action_entity; owned_by_rus_soe; owned_by_sanctioned_can_gac_entity; owned_by_sanctioned_che_seco_entity; owned_by_sanctioned_entity; owned_by_sanctioned_eu_ec_regulation_833_2014_entity; owned_by_sanctioned_eu_ec_sanctions_map_entity; owned_by_sanctioned_eu_sanctions_entity; owned_by_sanctioned_gbr_fcdo_entity; owned_by_sanctioned_jpn_mof_entity; owned_by_sanctioned_nzl_mfat_rus_entity; owned_by_sanctioned_ukr_nsdc_entity; owned_by_sanctioned_usa_ofac_non_sdn_entity; owned_by_sanctioned_usa_ofac_sdn_entity; owned_by_soe; owned_by_usa_bis_entity; owner_of_export_controls_entity; owner_of_regulatory_action_entity; owner_of_sanctioned_aus_dfat_entity; owner_of_sanctioned_can_gac_entity; owner_of_sanctioned_che_seco_entity; owner_of_sanctioned_entity; owner_of_sanctioned_eu_dg_fisma_ec_entity; owner_of_sanctioned_eu_ec_regulation_833_2014_entity; owner_of_sanctioned_eu_ec_sanctions_map_entity; owner_of_sanctioned_eu_sanctions_entity; owner_of_sanctioned_fra_dgt_mefids_entity; owner_of_sanctioned_gbr_hmt_ofsi_entity; owner_of_sanctioned_jpn_mof_entity; owner_of_sanctioned_nzl_mfat_rus_entity; owner_of_sanctioned_ukr_nsdc_entity; owner_of_sanctioned_usa_ofac_non_sdn_entity; owner_of_sanctioned_usa_ofac_sdn_entity; owner_of_soe; owner_of_usa_bis_entity; pep_adjacent; psa_eu_50_percent_rule; psa_exports_bis_high_priority_items_critical_components_direct; psa_exports_bis_high_priority_items_direct; psa_exports_to_usa_bis_entity; psa_imports_bis_high_priority_items; psa_imports_bis_high_priority_items_critical_components; psa_ofac_50_percent_rule; psa_owned_by_entity_in_export_controls; psa_owned_by_regulatory_action_entity; psa_owned_by_rus_soe; psa_owned_by_sanctioned_can_gac_entity; psa_owned_by_sanctioned_che_seco_entity; psa_owned_by_sanctioned_entity; psa_owned_by_sanctioned_eu_ec_regulation_833_2014_entity; psa_owned_by_sanctioned_eu_ec_sanctions_map_entity; psa_owned_by_sanctioned_eu_sanctions_entity; psa_owned_by_sanctioned_gbr_fcdo_entity; psa_owned_by_sanctioned_jpn_mof_entity; psa_owned_by_sanctioned_nzl_mfat_rus_entity; psa_owned_by_sanctioned_ukr_nsdc_entity; psa_owned_by_sanctioned_usa_ofac_non_sdn_entity; psa_owned_by_sanctioned_usa_ofac_sdn_entity; psa_owned_by_soe; psa_owned_by_usa_bis_entity; psa_owner_of_export_controls_entity; psa_owner_of_jpn_meti_end_user_entity; psa_owner_of_regulatory_action_entity; psa_owner_of_sanctioned_aus_dfat_entity; psa_owner_of_sanctioned_can_gac_entity; psa_owner_of_sanctioned_che_seco_entity; psa_owner_of_sanctioned_entity; psa_owner_of_sanctioned_eu_dg_fisma_ec_entity; psa_owner_of_sanctioned_eu_ec_regulation_833_2014_entity; psa_owner_of_sanctioned_eu_ec_sanctions_map_entity; psa_owner_of_sanctioned_eu_sanctions_entity; psa_owner_of_sanctioned_fra_dgt_mefids_entity; psa_owner_of_sanctioned_gbr_hmt_ofsi_entity; psa_owner_of_sanctioned_jpn_mof_entity; psa_owner_of_sanctioned_nzl_mfat_rus_entity; psa_owner_of_sanctioned_ukr_nsdc_entity; psa_owner_of_sanctioned_usa_ofac_non_sdn_entity; psa_owner_of_sanctioned_usa_ofac_sdn_entity; psa_owner_of_soe; psa_owner_of_usa_bis_entity; psa_uk_50_percent_rule; psa_usa_bis_50_percent_rule; regulatory_action; sanctioned; sanctioned_aus_dfat; sanctioned_can_gac; sanctioned_che_seco; sanctioned_eu_dg_fisma_ec; sanctioned_eu_ec_regulation_269_2014; sanctioned_eu_ec_regulation_833_2014; sanctioned_eu_ec_sanctions_map; sanctioned_eu_sanctions; sanctioned_fra_dgt_mefids; sanctioned_jpn_mof; sanctioned_nzl_mfat_rus; sanctioned_other; sanctioned_usa_ofac_non_sdn; sanctioned_usa_ofac_sdn; state_owned; uk_50_percent_rule; usa_bis; usa_bis_50_percent_rule,30877,32,/v1/entity/9LtTGZXn_LlN05C47cwZ5w
c4CsFbk2nqG5QgemfgCczg,Power Machines,JSC POWER MACHINES,company,USA; VNM; BEL; CYP; RUS; LUX; DEU; CAN,True,False,basel_aml; controlled_by_aus_sanctioned; controlled_by_eu_sanctioned; controlled_by_jpn_sanctioned; controlled_by_ofac_sdn; controlled_by_uk_sanctioned; controlled_by_ukr_sanctioned; cpi_score; export_controls; law_enforcement_action; meu_list_contractors; pep_adjacent; psa_export_to_soe; regulatory_action; reputational_risk_other; sanctioned; sanctioned_can_gac; sanctioned_ukr_nsdc; sanctioned_usa_ofac_sdn; soe_adjacent; usa_bis,1996,24,/v1/entity/c4CsFbk2nqG5QgemfgCczg
5wVHdujAfKLkHO7efPnAjQ,Sukhoi Company,"ПУБЛИЧНОЕ АКЦИОНЕРНОЕ ОБЩЕСТВО ""АВИАЦИОННАЯ ХОЛДИНГОВАЯ КОМПАНИЯ ""СУХОЙ""",company,RUS,True,False,basel_aml; cpi_score; export_controls; export_controls_other; formerly_sanctioned; formerly_sanctioned_ukr_nsdc; law_enforcement_action; meu_list_contractors; pep_adjacent; reputational_risk_other; sanctioned; sanctioned_can_gac; sanctioned_che_seco; sanctioned_eu_dg_fisma_ec; sanctioned_eu_ec_regulation_269_2014; sanctioned_eu_ec_regulation_833_2014; sanctioned_eu_ec_sanctions_map; sanctioned_eu_sanctions; sanctioned_fra_dgt_mefids; sanctioned_nzl_mfat_rus; state_owned; usa_bis,5113,22,/v1/entity/5wVHdujAfKLkHO7efPnAjQ
U7pXtLgp1t_mJGCi3d6J8g,Irkut Corporation,"ПАО ""КОРПОРАЦИЯ ""ИРКУТ""",company,RUS,True,False,basel_aml; controlled_by_aus_sanctioned; controlled_by_eu_sanctioned; controlled_by_jpn_sanctioned; controlled_by_ofac_sdn; controlled_by_uk_sanctioned; controlled_by_ukr_sanctioned; cpi_score; eu_50_percent_rule; export_controls; export_controls_other; exports_bis_high_priority_items_critical_components_indirect; exports_bis_high_priority_items_indirect; formerly_sanctioned; formerly_sanctioned_can_gac; formerly_sanctioned_che_seco; imports_bis_high_priority_items; imports_bis_high_priority_items_critical_components; law_enforcement_action; meu_list_contractors; ofac_50_percent_rule; owned_by_entity_in_export_controls; owned_by_regulatory_action_entity; owned_by_rus_soe; owned_by_sanctioned_aus_dfat_entity; owned_by_sanctioned_can_gac_entity; owned_by_sanctioned_che_seco_entity; owned_by_sanctioned_entity; owned_by_sanctioned_eu_dg_fisma_ec_entity; owned_by_sanctioned_eu_ec_regulation_833_2014_entity; owned_by_sanctioned_eu_ec_sanctions_map_entity; owned_by_sanctioned_eu_sanctions_entity; owned_by_sanctioned_fra_dgt_mefids_entity; owned_by_sanctioned_gbr_fcdo_entity; owned_by_sanctioned_gbr_hmt_ofsi_entity; owned_by_sanctioned_jpn_mof_entity; owned_by_sanctioned_nzl_mfat_rus_entity; owned_by_sanctioned_ukr_nsdc_entity; owned_by_sanctioned_usa_ofac_non_sdn_entity; owned_by_sanctioned_usa_ofac_sdn_entity; owned_by_soe; owned_by_usa_bis_entity; owner_of_export_controls_entity; owner_of_regulatory_action_entity; owner_of_sanctioned_can_gac_entity; owner_of_sanctioned_che_seco_entity; owner_of_sanctioned_entity; owner_of_sanctioned_eu_ec_regulation_833_2014_entity; owner_of_sanctioned_eu_ec_sanctions_map_entity; owner_of_sanctioned_eu_sanctions_entity; owner_of_sanctioned_jpn_mof_entity; owner_of_sanctioned_nzl_mfat_rus_entity; owner_of_sanctioned_ukr_nsdc_entity; owner_of_sanctioned_usa_ofac_sdn_entity; owner_of_usa_bis_entity; pep_adjacent; psa_eu_50_percent_rule; psa_exports_bis_high_priority_items_critical_components_indirect; psa_exports_bis_high_priority_items_indirect; psa_imports_bis_high_priority_items; psa_imports_bis_high_priority_items_critical_components; psa_ofac_50_percent_rule; psa_owned_by_entity_in_export_controls; psa_owned_by_regulatory_action_entity; psa_owned_by_rus_soe; psa_owned_by_sanctioned_aus_dfat_entity; psa_owned_by_sanctioned_can_gac_entity; psa_owned_by_sanctioned_che_seco_entity; psa_owned_by_sanctioned_entity; psa_owned_by_sanctioned_eu_dg_fisma_ec_entity; psa_owned_by_sanctioned_eu_ec_regulation_833_2014_entity; psa_owned_by_sanctioned_eu_ec_sanctions_map_entity; psa_owned_by_sanctioned_eu_sanctions_entity; psa_owned_by_sanctioned_fra_dgt_mefids_entity; psa_owned_by_sanctioned_gbr_fcdo_entity; psa_owned_by_sanctioned_gbr_hmt_ofsi_entity; psa_owned_by_sanctioned_jpn_mof_entity; psa_owned_by_sanctioned_nzl_mfat_rus_entity; psa_owned_by_sanctioned_ukr_nsdc_entity; psa_owned_by_sanctioned_usa_ofac_non_sdn_entity; psa_owned_by_sanctioned_usa_ofac_sdn_entity; psa_owned_by_soe; psa_owned_by_usa_bis_entity; psa_owner_of_export_controls_entity; psa_owner_of_regulatory_action_entity; psa_owner_of_sanctioned_can_gac_entity; psa_owner_of_sanctioned_che_seco_entity; psa_owner_of_sanctioned_entity; psa_owner_of_sanctioned_eu_ec_regulation_833_2014_entity; psa_owner_of_sanctioned_eu_ec_sanctions_map_entity; psa_owner_of_sanctioned_eu_sanctions_entity; psa_owner_of_sanctioned_jpn_mof_entity; psa_owner_of_sanctioned_nzl_mfat_rus_entity; psa_owner_of_sanctioned_ukr_nsdc_entity; psa_owner_of_sanctioned_usa_ofac_sdn_entity; psa_owner_of_usa_bis_entity; psa_uk_50_percent_rule; psa_usa_bis_50_percent_rule; regulatory_action; sanctioned; sanctioned_can_gac; sanctioned_che_seco; sanctioned_eu_dg_fisma_ec; sanctioned_eu_ec_regulation_269_2014; sanctioned_eu_ec_regulation_833_2014; sanctioned_eu_ec_sanctions_map; sanctioned_eu_sanctions; sanctioned_fra_dgt_mefids; sanctioned_jpn_mof; sanctioned_nzl_mfat_rus; sanctioned_ukr_nsdc; sanctioned_usa_ofac_sdn; state_owned; uk_50_percent_rule; usa_bis; usa_bis_50_percent_rule,28045,25,/v1/entity/U7pXtLgp1t_mJGCi3d6J8g
qgjNlQSAvdiFrSXZLdzGYA,MiG Corporation,"АКЦИОНЕРНОЕ ОБЩЕСТВО ""РОССИЙСКАЯ САМОЛЕТОСТРОИТЕЛЬНАЯ КОРПОРАЦИЯ ""МИГ""",company,SYR; YEM; RUS; MMR; DZA; POL,True,False,basel_aml; cpi_score; eu_50_percent_rule; eu_high_risk_third; export_controls; export_controls_other; exports_bis_high_priority_items_indirect; formerly_sanctioned; formerly_sanctioned_ukr_nsdc; imports_bis_high_priority_items; imports_bis_high_priority_items_critical_components; law_enforcement_action; meu_list_contractors; ofac_50_percent_rule; owned_by_entity_in_export_controls; owned_by_regulatory_action_entity; owned_by_rus_soe; owned_by_sanctioned_aus_dfat_entity; owned_by_sanctioned_can_gac_entity; owned_by_sanctioned_che_seco_entity; owned_by_sanctioned_entity; owned_by_sanctioned_eu_dg_fisma_ec_entity; owned_by_sanctioned_eu_ec_regulation_833_2014_entity; owned_by_sanctioned_eu_ec_sanctions_map_entity; owned_by_sanctioned_eu_sanctions_entity; owned_by_sanctioned_fra_dgt_mefids_entity; owned_by_sanctioned_gbr_fcdo_entity; owned_by_sanctioned_gbr_hmt_ofsi_entity; owned_by_sanctioned_jpn_mof_entity; owned_by_sanctioned_nzl_mfat_rus_entity; owned_by_sanctioned_ukr_nsdc_entity; owned_by_sanctioned_usa_ofac_non_sdn_entity; owned_by_sanctioned_usa_ofac_sdn_entity; owned_by_soe; owned_by_usa_bis_entity; owner_of_export_controls_entity; owner_of_sanctioned_che_seco_entity; owner_of_sanctioned_entity; owner_of_sanctioned_eu_ec_regulation_833_2014_entity; owner_of_sanctioned_eu_ec_sanctions_map_entity; owner_of_sanctioned_eu_sanctions_entity; owner_of_soe; owner_of_usa_bis_entity; pep_adjacent; psa_eu_50_percent_rule; psa_exports_bis_high_priority_items_indirect; psa_imports_bis_high_priority_items; psa_imports_bis_high_priority_items_critical_components; psa_ofac_50_percent_rule; psa_owned_by_entity_in_export_controls; psa_owned_by_regulatory_action_entity; psa_owned_by_rus_soe; psa_owned_by_sanctioned_aus_dfat_entity; psa_owned_by_sanctioned_can_gac_entity; psa_owned_by_sanctioned_che_seco_entity; psa_owned_by_sanctioned_entity; psa_owned_by_sanctioned_eu_dg_fisma_ec_entity; psa_owned_by_sanctioned_eu_ec_regulation_833_2014_entity; psa_owned_by_sanctioned_eu_ec_sanctions_map_entity; psa_owned_by_sanctioned_eu_sanctions_entity; psa_owned_by_sanctioned_fra_dgt_mefids_entity; psa_owned_by_sanctioned_gbr_fcdo_entity; psa_owned_by_sanctioned_gbr_hmt_ofsi_entity; psa_owned_by_sanctioned_jpn_mof_entity; psa_owned_by_sanctioned_nzl_mfat_rus_entity; psa_owned_by_sanctioned_ukr_nsdc_entity; psa_owned_by_sanctioned_usa_ofac_non_sdn_entity; psa_owned_by_sanctioned_usa_ofac_sdn_entity; psa_owned_by_soe; psa_owned_by_usa_bis_entity; psa_owner_of_export_controls_entity; psa_owner_of_sanctioned_che_seco_entity; psa_owner_of_sanctioned_entity; psa_owner_of_sanctioned_eu_ec_regulation_833_2014_entity; psa_owner_of_sanctioned_eu_ec_sanctions_map_entity; psa_owner_of_sanctioned_eu_sanctions_entity; psa_owner_of_soe; psa_owner_of_usa_bis_entity; psa_uk_50_percent_rule; psa_usa_bis_50_percent_rule; sanctioned; sanctioned_can_gac; sanctioned_che_seco; sanctioned_eu_ec_regulation_833_2014; sanctioned_eu_ec_sanctions_map; sanctioned_eu_sanctions; sanctioned_nzl_mfat_rus; soe_adjacent; uk_50_percent_rule; usa_bis; usa_bis_50_percent_rule,3507,20,/v1/entity/qgjNlQSAvdiFrSXZLdzGYA
KA4EYcuYj6GGWLp6DRNsxw,Tupolev PJSC,"ПУБЛИЧНОЕ АКЦИОНЕРНОЕ ОБЩЕСТВО ""ТУПОЛЕВ""",company,RUS,True,False,basel_aml; cpi_score; export_controls; export_controls_other; formerly_sanctioned; law_enforcement_action; meu_list_contractors; owner_of_export_controls_entity; owner_of_regulatory_action_entity; owner_of_sanctioned_aus_dfat_entity; owner_of_sanctioned_can_gac_entity; owner_of_sanctioned_che_seco_entity; owner_of_sanctioned_entity; owner_of_sanctioned_eu_dg_fisma_ec_entity; owner_of_sanctioned_eu_ec_regulation_833_2014_entity; owner_of_sanctioned_eu_ec_sanctions_map_entity; owner_of_sanctioned_eu_sanctions_entity; owner_of_sanctioned_fra_dgt_mefids_entity; owner_of_sanctioned_gbr_fcdo_entity; owner_of_sanctioned_gbr_hmt_ofsi_entity; owner_of_sanctioned_jpn_mof_entity; owner_of_sanctioned_nzl_mfat_rus_entity; owner_of_sanctioned_ukr_nsdc_entity; owner_of_sanctioned_usa_ofac_sdn_entity; owner_of_soe; owner_of_usa_bis_entity; pep_adjacent; psa_owner_of_export_controls_entity; psa_owner_of_jpn_meti_end_user_entity; psa_owner_of_regulatory_action_entity; psa_owner_of_sanctioned_aus_dfat_entity; psa_owner_of_sanctioned_can_gac_entity; psa_owner_of_sanctioned_che_seco_entity; psa_owner_of_sanctioned_entity; psa_owner_of_sanctioned_eu_dg_fisma_ec_entity; psa_owner_of_sanctioned_eu_ec_regulation_833_2014_entity; psa_owner_of_sanctioned_eu_ec_sanctions_map_entity; psa_owner_of_sanctioned_eu_sanctions_entity; psa_owner_of_sanctioned_fra_dgt_mefids_entity; psa_owner_of_sanctioned_gbr_fcdo_entity; psa_owner_of_sanctioned_gbr_hmt_ofsi_entity; psa_owner_of_sanctioned_jpn_mof_entity; psa_owner_of_sanctioned_nzl_mfat_rus_entity; psa_owner_of_sanctioned_ukr_nsdc_entity; psa_owner_of_sanctioned_usa_ofac_sdn_entity; psa_owner_of_soe; psa_owner_of_usa_bis_entity; regulatory_action; reputational_risk_other; sanctioned; sanctioned_can_gac; sanctioned_che_seco; sanctioned_eu_dg_fisma_ec; sanctioned_eu_ec_regulation_269_2014; sanctioned_eu_ec_regulation_833_2014; sanctioned_eu_ec_sanctions_map; sanctioned_eu_sanctions; sanctioned_fra_dgt_mefids; sanctioned_jpn_mof; sanctioned_ukr_nsdc; sanctioned_usa_ofac_sdn; state_owned; usa_bis,4015,22,/v1/entity/KA4EYcuYj6GGWLp6DRNsxw
YA4d9w1CSR2dpqzMhYoYVw,Admiralty Shipyards,"АКЦИОНЕРНОЕ ОБЩЕСТВО ""АДМИРАЛТЕЙСКИЕ ВЕРФИ""",company,RUS,True,False,basel_aml; cpi_score; export_controls; export_controls_other; formerly_sanctioned; imports_bis_high_priority_items_critical_components; law_enforcement_action; meu_list_contractors; owned_by_entity_in_export_controls; owned_by_regulatory_action_entity; owned_by_rus_soe; owned_by_sanctioned_aus_dfat_entity; owned_by_sanctioned_can_gac_entity; owned_by_sanctioned_che_seco_entity; owned_by_sanctioned_entity; owned_by_sanctioned_eu_dg_fisma_ec_entity; owned_by_sanctioned_eu_ec_regulation_833_2014_entity; owned_by_sanctioned_eu_ec_sanctions_map_entity; owned_by_sanctioned_eu_sanctions_entity; owned_by_sanctioned_fra_dgt_mefids_entity; owned_by_sanctioned_gbr_fcdo_entity; owned_by_sanctioned_jpn_mof_entity; owned_by_sanctioned_nzl_mfat_rus_entity; owned_by_sanctioned_ukr_nsdc_entity; owned_by_sanctioned_usa_ofac_sdn_entity; owned_by_soe; owned_by_usa_bis_entity; psa_imports_bis_high_priority_items_critical_components; psa_owned_by_entity_in_export_controls; psa_owned_by_regulatory_action_entity; psa_owned_by_rus_soe; psa_owned_by_sanctioned_aus_dfat_entity; psa_owned_by_sanctioned_can_gac_entity; psa_owned_by_sanctioned_che_seco_entity; psa_owned_by_sanctioned_entity; psa_owned_by_sanctioned_eu_dg_fisma_ec_entity; psa_owned_by_sanctioned_eu_ec_regulation_833_2014_entity; psa_owned_by_sanctioned_eu_ec_sanctions_map_entity; psa_owned_by_sanctioned_eu_sanctions_entity; psa_owned_by_sanctioned_fra_dgt_mefids_entity; psa_owned_by_sanctioned_gbr_fcdo_entity; psa_owned_by_sanctioned_jpn_mof_entity; psa_owned_by_sanctioned_nzl_mfat_rus_entity; psa_owned_by_sanctioned_ukr_nsdc_entity; psa_owned_by_sanctioned_usa_ofac_sdn_entity; psa_owned_by_soe; psa_owned_by_usa_bis_entity; regulatory_action; reputational_risk_other; sanctioned; sanctioned_aus_dfat; sanctioned_can_gac; sanctioned_che_seco; sanctioned_eu_ec_regulation_833_2014; sanctioned_eu_ec_sanctions_map; sanctioned_eu_sanctions; sanctioned_jpn_mof; sanctioned_nzl_mfat_rus; sanctioned_ukr_nsdc; sanctioned_usa_ofac_sdn; state_owned; usa_bis,3111,25,/v1/entity/YA4d9w1CSR2dpqzMhYoYVw
uvq9R4Byykp6HBsX9Ohp3A,Zvezdochka Shipyard,"АКЦИОНЕРНОЕ ОБЩЕСТВО ""ЦЕНТР СУДОРЕМОНТА ""ЗВЕЗДОЧКА""",company,RUS; UKR,True,False,basel_aml; cpi_score; eu_50_percent_rule; export_controls; export_controls_other; exports_bis_high_priority_items_indirect; formerly_sanctioned; formerly_sanctioned_che_seco; imports_bis_high_priority_items; law_enforcement_action; meu_list_contractors; ofac_50_percent_rule; owned_by_entity_in_export_controls; owned_by_regulatory_action_entity; owned_by_rus_soe; owned_by_sanctioned_aus_dfat_entity; owned_by_sanctioned_can_gac_entity; owned_by_sanctioned_che_seco_entity; owned_by_sanctioned_entity; owned_by_sanctioned_eu_dg_fisma_ec_entity; owned_by_sanctioned_eu_ec_regulation_833_2014_entity; owned_by_sanctioned_eu_ec_sanctions_map_entity; owned_by_sanctioned_eu_sanctions_entity; owned_by_sanctioned_fra_dgt_mefids_entity; owned_by_sanctioned_gbr_fcdo_entity; owned_by_sanctioned_jpn_mof_entity; owned_by_sanctioned_nzl_mfat_rus_entity; owned_by_sanctioned_ukr_nsdc_entity; owned_by_sanctioned_usa_ofac_sdn_entity; owned_by_soe; owned_by_usa_bis_entity; owner_of_export_controls_entity; owner_of_sanctioned_che_seco_entity; owner_of_sanctioned_entity; owner_of_sanctioned_eu_ec_regulation_833_2014_entity; owner_of_sanctioned_eu_ec_sanctions_map_entity; owner_of_sanctioned_eu_sanctions_entity; owner_of_sanctioned_ukr_nsdc_entity; owner_of_usa_bis_entity; psa_eu_50_percent_rule; psa_exports_bis_high_priority_items_indirect; psa_imports_bis_high_priority_items; psa_ofac_50_percent_rule; psa_owned_by_entity_in_export_controls; psa_owned_by_regulatory_action_entity; psa_owned_by_rus_soe; psa_owned_by_sanctioned_aus_dfat_entity; psa_owned_by_sanctioned_can_gac_entity; psa_owned_by_sanctioned_che_seco_entity; psa_owned_by_sanctioned_entity; psa_owned_by_sanctioned_eu_dg_fisma_ec_entity; psa_owned_by_sanctioned_eu_ec_regulation_833_2014_entity; psa_owned_by_sanctioned_eu_ec_sanctions_map_entity; psa_owned_by_sanctioned_eu_sanctions_entity; psa_owned_by_sanctioned_fra_dgt_mefids_entity; psa_owned_by_sanctioned_gbr_fcdo_entity; psa_owned_by_sanctioned_jpn_mof_entity; psa_owned_by_sanctioned_nzl_mfat_rus_entity; psa_owned_by_sanctioned_ukr_nsdc_entity; psa_owned_by_sanctioned_usa_ofac_sdn_entity; psa_owned_by_soe; psa_owned_by_usa_bis_entity; psa_owner_of_export_controls_entity; psa_owner_of_sanctioned_che_seco_entity; psa_owner_of_sanctioned_entity; psa_owner_of_sanctioned_eu_ec_regulation_833_2014_entity; psa_owner_of_sanctioned_eu_ec_sanctions_map_entity; psa_owner_of_sanctioned_eu_sanctions_entity; psa_owner_of_sanctioned_ukr_nsdc_entity; psa_owner_of_usa_bis_entity; psa_uk_50_percent_rule; psa_usa_bis_50_percent_rule; regulatory_action; sanctioned; sanctioned_can_gac; sanctioned_che_seco; sanctioned_eu_ec_regulation_833_2014; sanctioned_eu_sanctions; sanctioned_jpn_mof; sanctioned_nzl_mfat_rus; sanctioned_ukr_nsdc; sanctioned_usa_ofac_sdn; state_owned; uk_50_percent_rule; usa_bis; usa_bis_50_percent_rule,4034,24,/v1/entity/uvq9R4Byykp6HBsX9Ohp3A
9fiGgW8JSHDcfCUeKnVMXA,Baltic Shipyard,"Акционерное общество ""Балтийский завод""",company,RUS,True,False,basel_aml; cpi_score; eu_50_percent_rule; export_controls; export_controls_other; formerly_sanctioned; law_enforcement_action; meu_list_contractors; ofac_50_percent_rule; owned_by_entity_in_export_controls; owned_by_regulatory_action_entity; owned_by_rus_soe; owned_by_sanctioned_aus_dfat_entity; owned_by_sanctioned_can_gac_entity; owned_by_sanctioned_che_seco_entity; owned_by_sanctioned_entity; owned_by_sanctioned_eu_dg_fisma_ec_entity; owned_by_sanctioned_eu_ec_regulation_833_2014_entity; owned_by_sanctioned_eu_ec_sanctions_map_entity; owned_by_sanctioned_eu_sanctions_entity; owned_by_sanctioned_fra_dgt_mefids_entity; owned_by_sanctioned_gbr_fcdo_entity; owned_by_sanctioned_jpn_mof_entity; owned_by_sanctioned_nzl_mfat_rus_entity; owned_by_sanctioned_ukr_nsdc_entity; owned_by_sanctioned_usa_ofac_sdn_entity; owned_by_soe; owned_by_usa_bis_entity; psa_eu_50_percent_rule; psa_ofac_50_percent_rule; psa_owned_by_entity_in_export_controls; psa_owned_by_regulatory_action_entity; psa_owned_by_rus_soe; psa_owned_by_sanctioned_aus_dfat_entity; psa_owned_by_sanctioned_can_gac_entity; psa_owned_by_sanctioned_che_seco_entity; psa_owned_by_sanctioned_entity; psa_owned_by_sanctioned_eu_dg_fisma_ec_entity; psa_owned_by_sanctioned_eu_ec_regulation_833_2014_entity; psa_owned_by_sanctioned_eu_ec_sanctions_map_entity; psa_owned_by_sanctioned_eu_sanctions_entity; psa_owned_by_sanctioned_fra_dgt_mefids_entity; psa_owned_by_sanctioned_gbr_fcdo_entity; psa_owned_by_sanctioned_jpn_mof_entity; psa_owned_by_sanctioned_nzl_mfat_rus_entity; psa_owned_by_sanctioned_ukr_nsdc_entity; psa_owned_by_sanctioned_usa_ofac_sdn_entity; psa_owned_by_soe; psa_owned_by_usa_bis_entity; psa_uk_50_percent_rule; psa_usa_bis_50_percent_rule; regulatory_action; sanctioned; sanctioned_can_gac; sanctioned_che_seco; sanctioned_eu_ec_regulation_833_2014; sanctioned_eu_ec_sanctions_map; sanctioned_eu_sanctions; sanctioned_jpn_mof; sanctioned_nzl_mfat_rus; sanctioned_ukr_nsdc; sanctioned_usa_ofac_sdn; state_owned; uk_50_percent_rule; usa_bis; usa_bis_50_percent_rule,976,24,/v1/entity/9fiGgW8JSHDcfCUeKnVMXA
